 46.96259511, 74.87505837, 91.09745642, 100.91701897, 104.80615512, 114.66176212, 113.14134620, 109.27305202, 101.87189832, 98.71907744, 104.44336650, 103.05339370, 105.36813009, 102.39338824, 103.91749042, 107.53579530, 96.24452353, 87.55185771, 88.25209130, 94.38510580, 102.16046675, 99.31893655, 96.26828663, 100.85412182, 100.04889451, 97.08030105, 91.20183078, 98.53058905, 92.44965706, 90.72593109, 108.93491904, 115.64446531, 116.32151749, 110.43127705, 100.86551574, 83.29006316, 79.30768648, 84.55919644, 80.26801885, 81.03105256, 94.84817956, 102.48492367, 109.90706245, 106.94995405, 98.13008223, 90.19615387, 90.08047965, 82.70226207, 90.75008140, 95.11669892, 88.72068709, 94.81998594, 94.67738665, 87.46688304, 98.57597084, 100.98787318, 103.12352318, 99.29358408, 98.98490631, 92.75681542, 79.34627719, 80.51987035, 66.99757336, 38.58487699,
 75.05349480, 120.60495434, 151.01229983, 166.58944538, 177.30088964, 176.75718685, 176.78244258, 159.08260199, 167.41808688, 161.05216076, 156.31814045, 170.46655393, 165.31774302, 163.60236383, 170.13173894, 167.27164389, 142.63041855, 144.07261509, 152.55815256, 148.80225660, 155.67933707, 160.81415234, 151.75083807, 158.01156665, 166.42144927, 158.80005555, 145.81832007, 155.02439115, 145.74092589, 150.87342503, 173.83611611, 176.10606573, 174.72224834, 160.60746060, 148.32289829, 141.76720380, 127.01746342, 138.67564761, 128.42630297, 129.55715862, 155.05617246, 152.57779593, 169.19654619, 167.40736680, 158.91364728, 152.91873362, 147.40890166, 151.36197168, 149.14210737, 161.59427047, 158.76163035, 164.15055401, 154.22152430, 140.78202332, 151.08148735, 146.38112468, 155.35442996, 149.31208114, 151.36427021, 152.01837336, 130.76102028, 119.49077003, 98.85269308, 65.41316479,
 78.96917753, 142.03108258, 172.77030605, 183.05336523, 202.99584807, 209.34681465, 200.84008756, 193.95116615, 187.42623662, 193.97348149, 196.41215190, 197.90931842, 191.68374937, 179.83670066, 186.62482400, 189.41986521, 168.76158998, 177.22896826, 171.11870533, 180.88838514, 168.93769196, 183.35562444, 187.35568194, 190.94468327, 189.53338258, 188.80091698, 187.52040502, 173.42134702, 170.86480599, 169.92728774, 202.10921797, 203.41047607, 187.16028002, 192.63377651, 179.81575871, 165.11910954, 158.32894203, 168.96856443, 158.42056571, 155.73228684, 190.45220335, 194.99525897, 190.83767698, 174.09755017, 193.54727742, 190.46032629, 191.07108668, 193.08032880, 190.90765298, 200.53611651, 190.03760031, 194.62043160, 196.67433796, 179.31762946, 180.20200421, 182.47501749, 182.43561255, 170.93749679, 167.49913699, 179.41438036, 168.46613536, 145.93481076, 133.95473068, 77.03402532,
 91.85631877, 162.78599100, 189.31996847, 195.94694137, 199.78574795, 214.80452078, 212.80887374, 201.71459255, 192.09508811, 199.59377945, 205.80619756, 195.65706828, 191.34096058, 198.85176037, 206.76595454, 207.99289649, 205.71097221, 198.77101115, 188.57533812, 186.64905965, 177.18372355, 197.19426935, 199.31270362, 205.00598717, 208.60328539, 197.92693385, 190.71750556, 186.85747104, 202.93674853, 208.68488798, 215.22279990, 210.39991862, 197.83530078, 193.76793723, 200.50431215, 195.85656145, 198.91360214, 196.75998072, 185.44799161, 171.67353673, 207.27973843, 212.02204349, 209.02767545, 192.34072198, 201.24159348, 189.08281234, 186.92664481, 190.86927528, 199.65325096, 214.66074359, 206.87112326, 210.42081330, 210.45530245, 201.11644422, 182.52022803, 200.36884123, 206.59818531, 198.79749235, 201.82942522, 208.73678064, 199.12424901, 181.19496175, 147.88628529, 87.32757882,
 96.17783334, 166.16161212, 199.24506713, 205.88420218, 196.08488184, 198.46194026, 212.65804992, 195.48181361, 203.82872504, 190.34636306, 188.37294149, 174.58472519, 176.65372732, 185.41573244, 204.38190209, 196.47111227, 204.14861347, 202.83465059, 207.08167757, 190.01820231, 191.90719978, 180.44605726, 178.97028608, 187.84711522, 204.97358057, 193.77885636, 201.19557822, 195.33197292, 206.21028183, 209.81503294, 207.77293689, 202.31781706, 192.77501491, 222.46421612, 221.02622006, 194.90144172, 205.59244035, 202.72767810, 202.23367406, 200.04335441, 211.66280625, 221.51984041, 217.15463233, 203.01295547, 202.74903295, 196.85493654, 190.21754461, 191.21390560, 199.63432068, 214.96667192, 207.65198079, 192.81147969, 194.53304970, 184.58125317, 193.55046161, 191.79111661, 202.46455714, 192.89908083, 194.84496776, 209.54606814, 205.10248012, 178.36077787, 156.43232345, 97.41605956,
 100.26349943, 174.89595832, 201.45271143, 213.77536567, 200.80558731, 199.86213409, 209.97742120, 197.08141830, 198.07796608, 176.29371680, 188.76634177, 179.86538849, 181.16731933, 205.03404670, 215.55387980, 211.29104592, 207.65281221, 213.86665398, 203.53987523, 203.06955391, 199.50409083, 186.07769491, 171.73939993, 173.15356584, 210.85444180, 220.57176577, 216.01294388, 233.82003271, 259.91187878, 260.62720078, 247.27626766, 224.17543411, 245.35119611, 260.39220080, 268.32597204, 262.89225281, 239.09479472, 228.85012516, 211.03110618, 202.97532312, 219.10996416, 212.27175917, 200.69217411, 199.00654356, 202.20356999, 208.50472427, 208.30091041, 191.74639644, 200.82194286, 201.32606823, 213.15288923, 205.86070922, 195.32495873, 190.50998528, 188.72863006, 197.98155515, 206.64103864, 191.12461556, 198.39004667, 196.72687571, 195.24411954, 177.41766305, 158.98074630, 102.30182498,
 104.64268117, 173.86120109, 192.83597855, 208.74609920, 203.02914241, 191.95003454, 206.67227737, 194.57025162, 201.03358739, 193.08076345, 200.79667681, 202.90578235, 192.15590608, 196.56353433, 217.11413335, 219.41868642, 219.07047595, 204.08684002, 215.21047511, 208.97168747, 207.94722807, 191.28766869, 189.87104163, 196.90489030, 219.62836208, 253.81606867, 258.54206596, 312.18085976, 360.17477432, 340.67531428, 306.40096141, 290.11670093, 330.66397466, 389.95082933, 346.41934764, 360.04978773, 308.55208311, 265.09922422, 231.15934527, 224.12046219, 227.31369948, 227.72178644, 219.18862140, 216.05752675, 220.46404199, 215.45403956, 217.13475124, 204.77390712, 211.12241922, 194.96247901, 202.01807907, 183.94475109, 182.70831623, 187.29271797, 177.27320401, 190.31800002, 194.94164888, 195.63891113, 213.01639620, 211.92906104, 202.20809472, 168.98213906, 155.38085471, 91.37721545,
 103.61629095, 166.12246093, 192.72422593, 205.94711043, 207.92698955, 187.19789047, 189.81070250, 204.07272904, 202.86012829, 200.69439568, 207.75259649, 205.04788792, 174.75480309, 172.00495261, 203.37212755, 209.29902584, 213.41927754, 200.88752802, 209.54213216, 208.37492542, 193.08274294, 199.99794712, 205.60883613, 239.23063878, 275.38876446, 339.04986328, 390.45638196, 517.66637125, 710.96146503, 530.42836090, 432.73057010, 410.59019718, 537.48703228, 797.98726378, 643.19875915, 713.99963164, 476.64178499, 344.22182284, 262.70275512, 232.48042074, 227.49325304, 233.92453905, 227.79855007, 211.91299462, 217.62842239, 214.44310723, 207.13898187, 203.38192199, 207.09749446, 195.62577866, 184.12139589, 191.76755950, 198.93618049, 196.53100395, 188.89947030, 182.64191066, 185.29038960, 193.53054475, 210.68036163, 196.83853760, 194.73019225, 188.73861823, 155.27925898, 88.09310570,
 112.36393463, 172.97141516, 202.86085436, 214.20956284, 210.72524216, 203.12500888, 199.26020290, 193.85025460, 210.49508065, 199.75567176, 209.92534575, 192.55941111, 178.50217072, 177.93133693, 197.37496503, 205.23467757, 208.03709283, 206.53895590, 204.76138432, 215.56905286, 200.33801763, 204.47531807, 219.58003081, 299.32757049, 429.76440755, 564.27502647, 592.11649701, 993.08834175, 2261.97074230, 1064.47493915, 823.60098081, 696.57375520, 1073.30569754, 2635.76144292, 1377.80217831, 2082.77056889, 929.47207780, 510.49523408, 351.19368628, 310.43927732, 271.44042064, 242.58669410, 227.64532931, 208.98025658, 211.23144333, 217.56111166, 202.55076281, 209.58090143, 210.96015819, 200.89601235, 191.57647321, 179.66158782, 203.22106688, 186.52960259, 188.08516660, 181.42227495, 178.56318089, 200.90362595, 214.58285766, 194.19665439, 196.90799017, 183.95520790, 149.55647557, 91.00375554,
 108.95286845, 171.22608972, 188.25891162, 204.12529620, 194.15713230, 199.60540332, 203.59624766, 209.68352178, 206.76068930, 202.51121675, 200.02652496, 189.89811092, 194.78320536, 192.45843073, 189.22123067, 196.42779227, 212.26086479, 198.57607495, 198.67625112, 217.54848367, 221.29626944, 225.91928488, 262.31282002, 426.34751183, 720.35275083, 1331.93863050, 1007.20647922, 2304.00111182, 11290.73328169, 2390.87481916, 2328.73134308, 1306.32771461, 2870.86533327, 14338.75865597, 3402.80301365, 9582.06829305, 1978.23327275, 720.49331337, 613.24325639, 460.08294332, 330.10835285, 253.92299862, 214.04373476, 212.86317355, 206.68115966, 216.09990986, 202.49964059, 184.03138360, 188.52331353, 211.01585691, 211.05596411, 188.71127444, 205.22600835, 207.53793658, 189.08887090, 178.93915047, 181.23892641, 207.23401684, 216.92326193, 208.33756887, 195.44534255, 180.31610556, 162.62719079, 100.34079391,
 99.82099835, 161.28756824, 182.41564111, 190.13671385, 200.85880426, 191.58978927, 189.94290654, 195.29933766, 179.65581698, 179.79395780, 202.36243045, 192.61165947, 195.88740138, 209.06625560, 198.56906983, 195.97885209, 209.04279401, 202.31633469, 199.34801710, 205.79616981, 218.99677422, 254.22186370, 321.91807091, 550.25739880, 1346.50334836, 4662.87439285, 1582.35902238, 2071.78317469, 2410.42155781, 2388.58344426, 11017.89398422, 3151.16110793, 7041.16431383, 3268.96299311, 3104.26148388, 2340.92848639, 1037.82273909, 865.02335278, 1625.15347860, 817.03778799, 454.77981264, 285.22928602, 228.08420856, 210.04446161, 186.81677577, 205.34750171, 212.31303770, 195.78368346, 197.52955807, 205.89757252, 215.80828835, 207.57416598, 212.58362640, 208.82944262, 203.89158760, 186.95513409, 183.49928880, 193.60063729, 203.89559822, 215.08440382, 204.42907522, 179.99176699, 158.15460335, 105.34188207,
 80.95264261, 130.78198005, 160.86718695, 188.06490454, 200.78946678, 175.77755679, 172.25946859, 192.39230273, 187.91940731, 184.35868796, 194.73204129, 205.68811916, 211.78213771, 209.89581444, 193.52617027, 191.65055904, 195.76441389, 204.08055546, 190.79852490, 203.43098734, 220.35738820, 257.45112369, 303.18924894, 415.98329420, 700.00872907, 1446.07764752, 1904.38826311, 7754.98864912, 1924.68924433, 1246.45052745, 2925.83227791, 9140.40946294, 94497.90191011, 8045.10970378, 17072.76545742, 4020.76346136, 1378.50133881, 1716.13200733, 6788.71169275, 1632.27688353, 600.82247344, 316.74343107, 250.83269851, 206.53406156, 199.01226316, 208.89980639, 209.82099262, 191.19316778, 201.61506327, 187.36732810, 205.40553313, 208.93179771, 215.52052103, 203.27774490, 205.97822429, 187.62488543, 195.52781389, 189.58196538, 197.10440406, 206.73941323, 199.91447941, 181.38845888, 150.30596004, 99.92636684,
 79.30092726, 127.15644270, 155.29379809, 183.60957317, 192.40865822, 191.71014720, 189.59336875, 187.44621139, 192.32099033, 207.24741819, 206.49309171, 212.15044077, 197.91660390, 187.56811469, 188.80017507, 195.10566113, 201.91848746, 212.40005834, 196.91813927, 215.07648482, 225.37773428, 277.75759664, 326.01632917, 361.35734229, 534.38628807, 880.04656161, 936.43781976, 1823.92850912, 973.91530854, 1022.13835222, 2771.94366956, 25888.72410229, 1189380.43786897, 25721.69112496, 5221.84613319, 15477.16163405, 2671.80877289, 1058.12267044, 1645.86342455, 762.49446793, 434.98766506, 306.99783571, 250.08572294, 221.35649140, 201.73744044, 183.07795309, 189.37566307, 175.42599163, 187.06908104, 194.56553954, 198.30962789, 185.61000159, 203.42143684, 200.75978769, 198.47872001, 195.18809788, 199.14424223, 191.06055475, 206.17510123, 208.95140957, 194.33926185, 157.61944610, 150.82069878, 100.35240249,
 85.52409454, 142.57472527, 163.09378434, 180.74224026, 200.67119967, 188.43888743, 198.50036256, 189.39823185, 204.50945648, 208.45561256, 212.17258617, 201.69822741, 198.70195632, 189.23877315, 196.43709566, 206.18704150, 207.50436561, 213.34045624, 216.14617099, 224.83325783, 275.70903566, 332.48892221, 435.26416762, 480.60571814, 960.33369318, 2338.91818487, 1089.17184310, 979.48320753, 1372.22605587, 2374.03688644, 1471.01310495, 3866.80001672, 25800.09437045, 4768.81935851, 8243.51436871, 3254.44409029, 1114.88987644, 552.30105764, 572.58177304, 407.05160968, 299.85746317, 264.33597094, 238.58028183, 219.65327330, 199.37643389, 189.49181250, 185.03654934, 177.57346679, 190.95507313, 198.90299116, 189.82507894, 181.26911127, 198.39093058, 193.16996598, 189.62515033, 191.93689444, 198.01923254, 189.50180847, 186.92904874, 185.89537653, 191.48477475, 163.19596083, 130.49786367, 89.05453225,
 89.49611113, 150.62138892, 170.26116917, 198.00205406, 203.85046527, 207.06820952, 196.05523856, 196.33959371, 207.66623047, 205.54791834, 209.87351249, 214.88506376, 210.29546799, 194.84141918, 209.19685637, 214.21316779, 205.88198037, 225.37811965, 233.58000681, 264.54535878, 344.19041764, 516.44918056, 812.68010130, 804.25854069, 2246.52212475, 12034.89566439, 2433.31772235, 1939.75870277, 5899.30852451, 20525.17979031, 3399.97802092, 1518.89010772, 3334.19719598, 9128.84968702, 2733.80827833, 1098.35748079, 532.23787796, 326.78827156, 288.52917558, 250.92986423, 222.01558463, 223.23351332, 210.31219318, 203.21998063, 206.84156159, 192.46727684, 199.38842356, 185.46660825, 193.52687220, 208.42767781, 208.12121803, 203.62961220, 215.80331179, 206.05546973, 194.92825343, 192.27026539, 193.50814502, 180.48534728, 194.07486702, 182.59773737, 172.98524745, 161.85517886, 132.88488689, 84.58039843,
 84.65828724, 142.98347916, 175.76422257, 210.53942243, 216.59352269, 216.63813452, 186.52433565, 187.81917024, 185.92131292, 198.76185550, 204.44483706, 211.56253091, 212.09979169, 202.24498677, 191.26083382, 201.69583778, 208.43579949, 230.64084851, 252.40678041, 324.07060744, 522.49862906, 1114.09776876, 2764.34474699, 1116.88357872, 1076.04109408, 2320.17646934, 1796.32649174, 6313.53717954, 60026.26477725, 748649.80415085, 20771.57804917, 2627.26317269, 1247.86074438, 2007.64116538, 1003.07950282, 547.20338580, 332.80411130, 237.73858810, 204.11200571, 192.63819959, 173.40300790, 198.66571488, 206.16038191, 211.26317056, 204.58280636, 205.56981649, 199.28495540, 193.21026597, 201.23737707, 192.82522699, 203.39683045, 205.51098221, 221.39639858, 216.46009185, 196.41397638, 211.58681365, 194.65429719, 184.97763624, 181.37039131, 189.62038915, 183.99182514, 180.96420551, 153.15188857, 85.83339356,
 97.64617285, 147.78778729, 174.00845428, 212.91727104, 224.54022713, 221.13472043, 210.56350694, 198.74891841, 189.47465576, 193.40842061, 201.13273800, 191.25895097, 185.95335194, 205.84739500, 200.57561828, 199.19360607, 217.81021815, 223.15456675, 263.52347464, 368.11382337, 816.46560692, 2739.90889485, 16330.83230166, 2689.59475877, 938.55577157, 1087.40940299, 1963.39028689, 4936.06792823, 74647.97093258, 9570612.03770562, 73932.03286254, 4680.84320327, 1197.68885653, 852.11961583, 782.77798875, 485.81882403, 334.98142009, 271.53929544, 231.04195885, 201.54822022, 173.44983942, 175.19376252, 205.52809046, 201.02531796, 190.43955493, 184.51562149, 183.01865520, 185.16899018, 181.28703648, 196.49385205, 198.47336651, 201.52283049, 217.82365131, 210.71258735, 220.29180949, 225.05705833, 215.07402210, 205.70680812, 200.37392387, 205.18281576, 191.66887901, 173.89670894, 149.51799290, 88.24334752,
 98.48872643, 149.91498385, 177.07156447, 210.29347969, 216.33221837, 219.69944376, 197.78103010, 190.91658341, 193.17397010, 196.68353625, 185.74518628, 201.82885505, 208.43238875, 193.76256899, 182.78692540, 201.38878641, 212.39728586, 203.83422448, 218.36794340, 318.42648024, 538.40108728, 1054.17513167, 2687.78763270, 1126.71261932, 932.55306935, 1687.47834040, 6578.16333740, 2191.45093312, 6699.66625010, 73884.36118929, 6673.32680908, 1851.37767378, 2199.52597036, 1228.95187304, 2060.63793680, 895.40334804, 501.37194740, 448.63197477, 340.32838238, 249.10855152, 216.67741996, 195.33321761, 214.76554428, 211.34672229, 206.42684388, 199.30469397, 190.43687762, 186.86149991, 189.53092663, 199.90528065, 210.43963786, 206.12622260, 205.13077896, 196.45314051, 217.35106549, 225.31345501, 221.58720040, 194.35440392, 212.28486813, 201.55834418, 177.17566709, 171.69723213, 142.17121846, 95.03455198,
 104.82772543, 159.23602479, 195.03264529, 206.95709514, 205.27958115, 210.49261213, 201.60740585, 192.90456682, 198.34551993, 193.22279566, 183.57745903, 182.70178215, 211.96153908, 217.42270859, 206.30274865, 199.84647606, 209.05159040, 196.44612242, 211.62360144, 270.72517435, 381.30070827, 574.75653920, 885.14798622, 1053.10790639, 1922.84810833, 1197.60711085, 1785.42238519, 993.26080973, 1470.10964797, 4637.94254998, 1913.19498954, 3868.43029867, 10892.84390242, 3045.62900492, 9795.67420632, 2038.51563809, 897.89229079, 1111.59742926, 633.53346279, 379.91853308, 309.68692280, 234.38641199, 216.08330466, 230.97724741, 213.17559776, 189.19759561, 194.26544081, 203.26849654, 204.76227458, 202.84348520, 216.51587174, 211.28643854, 194.34356049, 198.36781603, 194.97686124, 220.16319960, 220.65957039, 205.35159413, 213.53577259, 184.17183049, 173.81087297, 159.93486218, 137.31027042, 90.18078096,
 112.66426015, 172.16366296, 193.29777685, 203.97382824, 179.96159784, 195.13600153, 185.03293824, 208.55513054, 202.72398247, 189.78570055, 192.01388769, 192.25747991, 207.95487631, 224.02173817, 220.08852748, 195.35151510, 203.89192065, 183.46959244, 191.36244594, 233.99722276, 309.48324184, 488.34583021, 939.45976899, 2610.11572849, 8620.49827008, 2141.32689212, 2185.13254845, 965.71934932, 706.59405588, 1216.04658525, 3061.81319976, 19726.55659750, 3853.96863002, 1510.22021708, 2088.83759733, 1074.36280371, 1540.16666314, 4747.35048825, 1468.44114110, 653.54097794, 606.13088317, 390.72330295, 294.72265002, 277.55956141, 247.91820335, 223.92437513, 220.86993387, 222.16306645, 215.35907725, 210.09982057, 206.91552074, 214.22732119, 203.60691602, 185.79686721, 197.59758228, 215.34898267, 206.00670153, 216.30317017, 215.88605801, 189.52676941, 173.17597605, 169.42367029, 143.59595875, 97.76250849,
 109.22122826, 164.06926880, 185.05369685, 199.24135987, 183.73405970, 194.56570231, 209.80496971, 213.26889422, 208.97139722, 211.39055154, 206.83055827, 206.99045222, 205.47463455, 221.98728266, 223.76834565, 213.42159093, 212.25285210, 198.99447752, 195.44567843, 223.57991874, 307.88947955, 574.98516603, 1651.31352417, 6966.38737134, 2659.25481827, 2181.89265680, 9346.28307771, 2042.46968645, 781.20474225, 711.39396843, 1143.97233245, 3059.14356797, 1568.09359389, 1991.20145894, 1199.18546635, 1140.94898267, 4462.65632851, 41082.59378232, 4411.08240897, 1256.65239806, 1712.45616819, 781.46299160, 469.96826530, 485.01010335, 377.31037707, 300.29676346, 236.27500843, 230.78234261, 216.62281461, 222.54562932, 213.55761120, 215.49941498, 201.68363126, 192.72297001, 195.53916570, 210.69284334, 199.44507467, 216.42134934, 209.65759478, 184.69634046, 192.98399694, 182.21493950, 155.43057183, 99.28109376,
 100.23776035, 154.92910962, 169.79180468, 195.13307772, 209.20301895, 208.94503191, 207.90770082, 197.60598737, 205.34326066, 201.64156732, 202.16907377, 200.46650403, 207.93061892, 220.65924127, 218.81764989, 205.60555437, 200.22368665, 192.86763195, 189.37976642, 207.68542807, 270.80944402, 432.18041856, 827.55407901, 1787.67968459, 1028.93237404, 1025.09983926, 2175.58086907, 2050.01921689, 1301.65848010, 1124.97986511, 800.65023704, 1109.46524564, 2059.28314241, 8855.09383506, 2477.92096933, 1027.95688510, 1471.64432675, 4462.73917029, 1520.74688274, 1757.38762805, 7202.91419028, 1706.88881943, 885.62603056, 1239.91428792, 700.06744284, 417.54905095, 295.53835419, 236.39143960, 231.73044715, 227.53616606, 221.11005623, 220.77325726, 207.81018489, 208.06348308, 199.20476931, 201.37432205, 190.73833995, 207.31659877, 180.47243707, 191.84953403, 204.67825652, 184.77996127, 161.41476622, 103.16432919,
 102.65458129, 153.47896601, 175.97040462, 195.47236145, 206.84664817, 216.92595349, 216.31091201, 199.86540733, 211.18774996, 205.92399336, 208.63307789, 204.08766634, 189.90052850, 209.36433240, 226.25797788, 222.28740383, 202.65668425, 185.98373849, 182.97635812, 196.85868067, 254.57375740, 403.24227446, 807.29538447, 1678.23844241, 881.08752544, 960.19194580, 2526.97416214, 10158.65387408, 6355.62101787, 4723.64710891, 1535.32393576, 916.88600002, 1356.79036985, 3512.20840936, 5321.75428617, 1460.12110516, 797.60604439, 1015.38616537, 680.25695756, 874.15520951, 1848.94607324, 1080.78923864, 1846.35794211, 5952.69121810, 1732.73220443, 701.80621321, 362.22346323, 254.32564622, 235.36175431, 213.64657579, 220.16247517, 213.35412160, 192.81482324, 194.00577455, 186.14568926, 195.20950334, 201.09616252, 203.39964921, 198.48915875, 196.30791671, 207.49036022, 190.76499242, 142.87324311, 93.57274938,
 107.56633453, 161.86038718, 178.04778896, 205.95837336, 205.56585448, 199.98805317, 206.80563991, 196.42814294, 214.46056412, 215.17496851, 217.61463874, 207.81033813, 196.66915504, 212.31771313, 227.79921725, 226.19552122, 212.84351203, 204.40841474, 201.49520541, 216.42341581, 264.96392333, 508.84599255, 1549.64297506, 6130.56555953, 1630.22619948, 1830.36371240, 9574.95221908, 146165.25728544, 118054.34931394, 53577.42019762, 5889.63688481, 1621.52980481, 2457.91733026, 12953.36365838, 2818.69601928, 930.33982970, 547.13666150, 568.03075312, 637.26500417, 980.75246083, 1833.12937469, 1628.38194722, 6562.93180987, 69126.89067019, 5989.71827545, 1203.22360580, 474.55104279, 294.96037999, 239.85885755, 216.81407508, 202.84125265, 197.93411765, 184.12411357, 181.58046147, 195.88353435, 209.58412383, 217.60750100, 213.56275797, 206.09169749, 206.40163892, 202.95334823, 175.56689448, 140.36021477, 91.71281336,
 102.25802023, 160.15481234, 194.90677605, 207.46835673, 193.45545269, 181.89474034, 178.15869188, 197.89944957, 214.87381055, 206.58152670, 214.02308112, 200.09662593, 208.17943628, 212.94002329, 219.72938773, 215.63172435, 183.50428480, 181.47818355, 180.66938927, 167.78297683, 208.26228392, 365.98022607, 712.49732031, 1536.55857844, 1049.22508007, 3008.51400504, 32417.95823610, 1851223.18840968, 23700301.64191801, 3039446.99641332, 41607.52678511, 3523.68443841, 1350.46650216, 2471.74431008, 1047.29493409, 617.38011149, 510.78125691, 790.54610369, 1489.84062916, 3149.03537537, 8616.56578582, 2271.45993090, 1966.76899814, 5921.98255625, 1710.10962416, 695.14767129, 395.22788741, 254.77976867, 219.59322129, 204.92451995, 184.49071634, 201.48626030, 200.57433709, 199.83569871, 193.97653965, 209.33278969, 212.08403120, 213.37577257, 190.03999251, 193.30282666, 189.77992895, 162.27087219, 153.82995697, 96.32012088,
 92.07649821, 160.37052875, 184.98573669, 193.12559674, 204.04444575, 187.48627858, 198.73764373, 210.39548240, 205.68355223, 210.71608235, 203.85106886, 199.06131073, 206.60967974, 192.19477702, 212.73950529, 197.51591614, 180.11993585, 170.52870676, 145.31804884, 141.61520001, 167.32415678, 249.13890945, 371.58951160, 543.21217535, 542.74976994, 1141.37224078, 4361.00257447, 32966.05488023, 123049.16408715, 41912.95135308, 5014.51548484, 1317.84243359, 698.98985909, 806.10594943, 625.24623575, 737.01383017, 851.12312111, 2052.41792695, 6888.30630436, 24957.82151885, 91142.72585850, 6862.20835629, 1659.15881259, 2331.25890496, 1031.41935537, 564.93166844, 335.08967469, 264.05063304, 226.10697087, 209.19628080, 209.14266765, 211.49724956, 207.97022372, 178.29143932, 188.47406099, 208.32464191, 213.15397876, 200.12846092, 193.74386266, 192.77352787, 178.79064493, 168.84324169, 160.83342449, 101.90698458,
 86.07218490, 150.18144753, 188.26801010, 192.89984542, 200.19361178, 195.24480542, 206.47367788, 212.91889600, 212.49979677, 214.33756203, 210.93051428, 193.50784269, 193.16015836, 188.33018250, 205.25585808, 203.94750839, 179.37160011, 171.52444061, 140.76911960, 130.15301498, 149.76548968, 191.65159365, 262.00966147, 334.65793272, 374.36209714, 640.64259277, 1300.16299556, 3412.33514240, 7381.71226506, 3843.99386925, 1316.62101011, 654.02362590, 453.46410967, 585.23544986, 903.46879860, 2014.49518008, 1887.73578491, 7930.31241197, 81070.83574920, 1016958.96220327, 24823.84960203, 2996.62439669, 2050.67674799, 8751.57340282, 1885.35219285, 669.60571356, 361.62066638, 251.99482122, 229.76587876, 212.16871492, 193.57510136, 191.12403175, 203.13334210, 186.63839478, 193.70621927, 198.10598260, 206.90320310, 208.01519941, 205.90739014, 184.19558648, 182.14710923, 166.80308641, 156.33434972, 89.67157335,
 91.36668967, 157.74835896, 183.05608810, 200.22521493, 202.49545770, 215.33824297, 215.74661797, 206.58379645, 208.36790786, 214.17329048, 194.13022540, 203.19133449, 197.09822284, 196.44449198, 203.90779552, 208.81308734, 186.65728322, 174.26429033, 152.97301659, 149.52926682, 179.11528943, 208.16043915, 271.71983525, 375.00520505, 465.80597378, 832.37349803, 1944.31723172, 3202.60474714, 19680.52843450, 3147.65753736, 959.12225484, 476.15825785, 434.55412390, 701.86835248, 1953.67411741, 8951.88938531, 2899.17514125, 2291.68421788, 6848.17047949, 23733.35018203, 3656.90588441, 1107.25263504, 929.54845861, 1898.78032556, 843.95122465, 435.66241999, 308.35101076, 237.84937171, 215.85626757, 216.87200917, 206.83769550, 198.96437287, 209.60980408, 211.87268513, 194.83973214, 211.44823352, 211.36698920, 219.16946724, 209.94883529, 189.99091184, 187.58977035, 167.08959447, 144.25781624, 91.25147852,
 109.15404319, 174.27593929, 194.90152798, 193.45814761, 186.07642021, 212.50201098, 206.63006566, 205.38754902, 215.22064815, 204.00382032, 198.48931889, 184.63693577, 188.26424990, 184.47189292, 180.90533394, 204.10608252, 202.66826530, 176.82220063, 161.71967466, 183.81136865, 246.17293192, 330.48872452, 447.91578534, 716.08781430, 745.44837807, 1803.55869974, 7247.91960506, 2087.18057866, 3087.74969350, 1147.31149270, 567.45168471, 379.99399652, 340.31624748, 496.15919428, 995.35763737, 2797.82855093, 8855.99924339, 2020.07283002, 1522.22662744, 2504.41086284, 1053.60971109, 684.13668511, 560.80904797, 642.91755242, 454.21481411, 321.99891666, 263.34405671, 236.63361630, 225.27344677, 216.49769246, 213.29581011, 212.91708429, 214.06425142, 218.11845184, 207.93435010, 204.12462846, 203.67867451, 216.34592505, 198.31328460, 202.55863837, 175.99412699, 156.81573604, 145.31200297, 98.17641004,
 114.94137264, 178.05539522, 207.52001383, 207.86701949, 198.58789544, 204.99569318, 210.44404964, 213.90643340, 219.49057253, 214.55695212, 197.13261190, 190.00645685, 182.70938734, 170.61524495, 170.60155730, 191.12340405, 206.21551585, 194.21515402, 220.49749721, 292.39754698, 395.98871818, 662.51944925, 960.17860652, 2312.22227581, 1292.01024824, 2138.50012977, 1939.90955490, 943.30796679, 878.49585989, 570.45028862, 365.35536219, 305.55758323, 288.69026944, 378.41706275, 558.44817252, 983.56122616, 1956.14354433, 873.30904814, 615.52787305, 726.64281813, 724.27503664, 1174.42875990, 755.95881131, 532.05139155, 432.26814014, 314.84631963, 265.59271278, 234.09486356, 218.03905617, 205.10868675, 202.37494206, 204.89179765, 191.45542386, 209.36057435, 209.32686451, 193.16233480, 210.98230914, 209.56243515, 208.12643277, 211.92786915, 199.57232222, 172.06669529, 151.08323391, 94.09911136,
 112.98800719, 176.13555811, 210.30214759, 217.08826587, 202.88890065, 220.05783087, 213.83659050, 211.27827892, 218.09505855, 202.85341539, 207.65939881, 197.16845111, 187.77564966, 183.88714593, 175.56373538, 211.78648715, 239.25042672, 266.04132948, 387.54804536, 592.28427587, 827.89287236, 1837.55643763, 2386.23661172, 11721.47980831, 3643.05080380, 11694.73094205, 2789.64976572, 946.45955049, 555.49766767, 371.56325993, 289.35475846, 262.76000277, 263.57115703, 321.30862674, 436.15797736, 616.59923585, 895.34304455, 560.95371625, 419.59568424, 537.26621488, 1179.24090260, 3773.26866225, 1705.67844504, 873.70869128, 977.65517648, 534.46560808, 342.37365434, 268.65322369, 237.56297755, 208.49121378, 200.84905548, 211.58783645, 208.29140315, 194.47922456, 189.70345916, 185.96420657, 200.78431265, 187.80260697, 198.23601054, 199.66985769, 204.60386143, 189.43591481, 167.91255513, 101.57501267,
 99.47734144, 157.77424008, 200.63984057, 210.73326732, 219.20984402, 225.79747782, 220.91538734, 214.13667551, 205.67095612, 193.67876446, 194.78908211, 195.83002653, 183.06482934, 189.04686903, 219.68102986, 267.32773288, 331.61455013, 429.70343630, 759.05536567, 1604.82638221, 1894.63916780, 7424.14823170, 2070.93685420, 3288.25440361, 11916.95930936, 174380.02888007, 10354.59857355, 1758.01292528, 659.58146159, 371.93997953, 269.37537507, 249.13660994, 237.10107096, 312.19024706, 494.70146553, 998.56127264, 2196.90449802, 920.99452401, 459.34538356, 430.46355482, 760.12440389, 1724.92208885, 3723.54704317, 2129.95756547, 4295.93201078, 1392.98385537, 612.63210691, 388.65494647, 284.23505441, 231.10999133, 208.85516815, 205.77072637, 209.98409413, 185.93236043, 193.68769497, 204.40391170, 201.49215457, 174.80071805, 180.58951067, 182.00655212, 201.29905089, 200.98062897, 169.21000573, 110.53617234,
 103.57185838, 156.60853884, 192.98236676, 203.65743384, 213.96834099, 215.85957672, 199.19854954, 187.63795145, 209.38163923, 213.72044972, 215.98404247, 201.10188724, 205.83580809, 225.18981307, 243.65395827, 336.29420380, 490.78912926, 887.25589204, 1959.20115728, 7467.62406107, 2154.24381947, 1951.07044344, 1669.32309241, 6619.25373938, 73920.79251770, 83840.70041902, 8004.79429825, 1851.02693092, 742.68151934, 405.71666531, 269.19078869, 249.75635058, 256.96445706, 369.73940067, 697.68988933, 2277.07521932, 11516.33276629, 2197.38311040, 672.12289739, 402.83547766, 526.39265586, 1072.30290518, 2618.66334158, 8836.22280340, 44353.49444078, 5294.59163735, 1390.46044494, 610.03763073, 369.27266694, 283.97226383, 227.51484520, 217.11369654, 203.78470465, 192.20173897, 199.81446371, 194.92683265, 182.95515676, 171.05649258, 178.88950063, 180.44070552, 196.73564122, 198.27541198, 161.58700730, 107.71256764,
 104.00967815, 148.69702203, 171.55448594, 197.27472533, 199.49771577, 192.41795904, 186.50241506, 180.96084688, 193.19258285, 216.28957666, 220.68709999, 207.28081389, 204.18653246, 244.80813919, 296.42061227, 441.41103422, 877.34028814, 2306.72469822, 6291.22659523, 75843.38693230, 6167.63649392, 1516.60294962, 2662.92641985, 22922.96624680, 925174.12367555, 11856891.85888325, 92206.06463639, 5922.36750929, 1186.26581752, 472.77733892, 282.79127445, 243.37685725, 262.09935312, 319.92485837, 480.74780606, 973.25202793, 2212.31129704, 908.61404258, 451.45905035, 343.77199385, 603.26701378, 1717.50853292, 9182.84631544, 115299.15691983, 1871914.43299981, 32639.56929103, 4022.44263951, 1139.63319534, 540.18392086, 342.54413383, 252.06069540, 225.13499406, 201.81812972, 202.31942919, 192.56200082, 173.78767363, 183.42811979, 181.92997806, 181.80503644, 189.18010371, 195.50072383, 187.07405323, 148.50387830, 96.18062386,
 101.91662934, 159.98904660, 180.34162201, 194.23361593, 206.55389306, 202.28555867, 207.60777268, 193.38216429, 176.30711493, 204.27718283, 213.39936930, 207.42819447, 217.80373050, 247.47662204, 318.29336666, 641.04926539, 1951.51041243, 9080.53383134, 2625.05234052, 6196.32436846, 1708.81871939, 953.63876824, 2283.51094477, 11491.78973273, 23713.61006173, 82305.74112486, 7778.06114175, 1788.08691983, 694.13585524, 371.77042526, 279.44617138, 239.00319649, 251.37688697, 256.66396039, 342.48166539, 510.27622569, 723.65229368, 420.62505333, 294.19954654, 258.87689501, 377.19275184, 808.47589715, 2226.44658743, 8179.07588052, 32364.77891844, 5047.67820595, 13265.68419389, 2429.50188782, 771.39441884, 390.44565506, 260.50554576, 214.81497837, 201.44715661, 197.74880296, 208.26260136, 193.72883106, 197.01942126, 179.43294831, 188.29355279, 184.57152160, 193.67780229, 185.99175333, 146.72511816, 100.15231051,
 98.19442005, 159.63717609, 191.79380348, 192.42684928, 188.58007428, 195.89926014, 209.67388678, 203.99506891, 183.28131067, 196.61728229, 207.43910484, 207.34089695, 222.50457700, 252.24166738, 280.28276193, 422.82184424, 846.88899118, 1959.40077191, 1049.23984285, 1364.21431458, 793.08588217, 669.08512046, 1371.53720923, 5197.66797551, 36206.30260026, 6818.16888819, 1926.16834854, 802.86578532, 476.00865308, 352.00238353, 282.05015972, 255.59910641, 267.10484065, 283.56945494, 273.85482131, 318.91864752, 360.91912823, 251.20391915, 211.19980349, 203.96494652, 253.38038018, 409.89683247, 751.36367509, 1544.64043419, 3032.09035005, 1449.80650230, 2393.26794899, 969.42984568, 542.19610417, 373.95835187, 283.95419728, 226.23873718, 206.81248773, 202.33937473, 210.99715643, 206.30700456, 208.62021475, 194.59615258, 204.05033626, 202.18836499, 195.92551617, 183.67247481, 151.66244094, 103.28506484,
 101.82045999, 156.37053584, 184.92090062, 182.37550856, 184.78627593, 193.87502140, 203.78571716, 205.96412685, 201.66839712, 207.91943090, 206.03578087, 225.15260394, 231.59212941, 259.04617490, 272.72229018, 347.67742343, 560.80976471, 919.10724909, 950.91448681, 1779.42458330, 870.43040155, 787.00588075, 2154.57608839, 15694.86348064, 444030.34234135, 15584.36502494, 2128.41979844, 677.51816683, 452.04194567, 414.45297531, 345.40075780, 314.99935174, 332.52101205, 377.27924052, 335.26304444, 312.86021282, 302.35710331, 225.14710884, 194.39263711, 161.67996493, 178.62771444, 244.85190116, 359.02185720, 529.26334377, 721.83223471, 572.45823872, 718.54300644, 604.35093177, 700.45519495, 503.90202901, 354.73941590, 270.03038833, 221.83428378, 203.90870318, 192.00239076, 193.43109454, 198.18307008, 209.47546941, 207.96392566, 207.73819561, 200.38997234, 193.34646474, 156.34130153, 99.19355542,
 99.54125101, 156.43131934, 179.98731100, 179.36623517, 190.40042687, 201.90998773, 214.66626431, 212.99406126, 219.30166954, 222.31233925, 240.64944794, 267.76461926, 303.56645439, 366.38236204, 341.42532857, 480.60325409, 909.49500599, 1761.41317855, 1888.46527471, 7432.70699454, 1782.26889535, 1180.67392935, 2702.22344290, 3055.57848265, 15557.05180994, 2933.39234976, 954.14803895, 540.53355208, 575.41731186, 801.07734799, 529.38001929, 432.48658047, 519.04845739, 737.62828198, 503.75693633, 391.73324864, 385.72787392, 282.33803550, 200.27817236, 155.56161521, 157.96899233, 178.63383040, 236.73659163, 296.04790943, 346.32592415, 382.82613417, 550.41986925, 982.24597347, 2233.00431449, 1019.67720656, 537.31576082, 343.40526906, 246.34801977, 214.07445417, 194.09017490, 184.00552319, 188.52749014, 196.65038361, 207.66430330, 190.96295257, 192.81521723, 183.41681137, 148.14413490, 89.87138578,
 102.03342264, 151.46405477, 163.20631674, 180.13623274, 190.55360988, 184.25361013, 209.76030384, 225.43476931, 228.00756366, 221.62967944, 262.67906296, 331.12225369, 462.38857358, 663.57883363, 549.23107178, 861.26024963, 2296.95811998, 6600.81034613, 1811.30342122, 1843.15163431, 1089.23645493, 2565.03970399, 14268.10934798, 2679.58284343, 2265.93601325, 1002.01766096, 630.00253998, 582.81736897, 1093.49331629, 2688.09257190, 1061.69712555, 671.64742467, 1014.22466677, 2323.66312819, 1035.89510807, 614.44146647, 701.00223922, 471.90655468, 281.38608866, 184.03296652, 178.56115702, 185.22884489, 234.81242484, 292.68700511, 362.87507813, 429.04181118, 868.99562192, 2715.19029496, 13239.47652150, 2721.94333535, 894.12807907, 434.22899231, 283.43051948, 217.21325477, 204.19552104, 166.15413660, 164.17281489, 175.81361913, 193.40298738, 191.03165968, 187.38401447, 166.59161547, 142.94502939, 84.42917446,
 96.26643159, 142.97487446, 145.78003654, 177.66162612, 191.54157149, 193.93579468, 209.09017226, 226.61963733, 228.94704034, 231.31148357, 296.11630559, 475.61762541, 912.10659971, 1980.31656646, 1021.64291492, 1627.97427227, 5928.47565873, 2381.82271769, 991.39465621, 712.71916562, 679.07173534, 1166.25261850, 2534.81900096, 1448.84145667, 2328.63904914, 1014.91787079, 729.45484397, 816.76763409, 2571.68843709, 15020.63993285, 2616.38291604, 1070.94444528, 2360.50116430, 11860.02047984, 2275.65766016, 1103.86514190, 2023.59130184, 852.62786305, 398.85924658, 234.32560356, 210.55358910, 262.68587690, 381.84309874, 548.11231214, 720.90073361, 674.60193005, 1537.56017786, 8911.76620872, 150122.26480557, 8851.95801233, 1465.57789772, 549.79424063, 317.73703783, 252.17525875, 216.74266650, 165.11599463, 167.84830786, 175.73572163, 187.50139373, 177.27914375, 182.86859903, 177.66662340, 129.89087373, 83.34986305,
 100.00683651, 157.27622553, 173.28682831, 190.26281067, 205.29687307, 201.01918718, 206.50843335, 222.70904337, 212.73876051, 241.73925633, 335.43533872, 638.84311491, 1949.42799420, 9079.12393667, 2073.08938223, 1626.22907459, 1854.99073920, 2263.34327504, 977.89095764, 619.87765285, 907.08037819, 1914.46682849, 1408.77478994, 2295.27520511, 11176.01891080, 2277.64930631, 1796.76373283, 929.53417194, 1174.21659130, 2774.02541329, 2315.59676910, 1213.59927844, 1980.12979043, 2392.79801054, 1317.45928602, 2099.61821279, 9556.50185259, 1973.12566740, 617.06162306, 317.85134433, 302.14644903, 450.36736013, 853.16390129, 1666.02123279, 2436.56724926, 1238.95427818, 1790.62376546, 3047.87890868, 8936.38666628, 2227.73488958, 862.71625354, 498.89696359, 342.68155362, 269.06777621, 225.77847576, 182.67748135, 173.77781234, 190.62719879, 206.08297212, 200.71314575, 196.87236548, 184.04738047, 149.07846522, 83.38451568,
 97.31486037, 155.13464860, 180.29818567, 201.38059510, 205.11672824, 200.95942872, 210.35189944, 218.87706644, 222.69230583, 233.54359632, 319.41157041, 482.85655326, 926.04632244, 2087.98310715, 2307.04733029, 6854.47695642, 2866.22117392, 9996.14627607, 2055.74883877, 906.76866542, 1923.40325897, 8619.42483684, 2876.10325356, 1397.34065392, 2291.38427833, 1928.41416740, 6988.90498176, 1743.08630988, 1211.53195236, 2964.87972228, 12286.21667787, 3175.28722603, 7060.12324709, 2037.81379945, 2058.91922993, 1247.96681795, 1984.14366018, 887.55468409, 483.11349941, 364.35725599, 444.07417055, 956.10200007, 2712.66471688, 9045.87366182, 12686.14410662, 3759.05735142, 9696.93308178, 9826.13142373, 2708.96213257, 2392.73555181, 1207.65508858, 641.35594725, 402.62193040, 287.24525281, 242.85746268, 198.97907703, 187.68748864, 196.43419149, 210.22612851, 211.51931602, 202.84587083, 189.32317582, 140.40931532, 87.82910955,
 87.16368265, 135.24563411, 160.11583419, 183.73165878, 208.51974513, 202.28180180, 210.26741875, 205.61879471, 208.40689936, 226.32684233, 294.16890800, 434.80391696, 753.85890907, 1796.39321273, 8554.82336810, 90466.78794206, 6895.08551634, 2420.38809010, 943.68687138, 642.85603829, 1092.04298563, 2789.14540647, 9046.98545272, 2032.27084736, 1034.85348197, 931.48828115, 1784.48523821, 1037.71884396, 1955.40338287, 11676.95583065, 200670.27652705, 10335.29851883, 2408.93637280, 2111.82598555, 8863.75224414, 1977.03837299, 894.05048861, 599.00348743, 614.50421612, 486.85535518, 712.57415917, 2138.94885376, 12516.51165850, 142358.21915691, 9387.55379109, 14568.35081114, 165845.17084414, 9603.59956595, 3115.44981698, 11031.71957501, 3738.78609253, 1234.54894462, 553.64289859, 343.07284512, 263.59963060, 213.16883181, 188.00657536, 190.56232538, 189.24038469, 192.60956374, 204.68292217, 181.06868870, 150.41510755, 96.86133012,
 87.12040141, 134.82598587, 153.28170008, 180.65664964, 203.47001985, 192.20904824, 202.43490459, 204.43734843, 216.27647484, 257.60720119, 359.46701644, 509.65980614, 772.90029387, 957.25421800, 2226.10626109, 6822.79131273, 2562.37034706, 1158.90252606, 634.05099929, 710.39300650, 1295.65068083, 1267.35141553, 2111.17117073, 1861.47747452, 931.31784966, 957.26596512, 1990.62905252, 988.34687992, 1259.06407267, 3730.31000836, 15440.74798286, 2949.35667426, 1068.49057795, 948.91788609, 1890.66761359, 864.26449427, 633.69315894, 888.96882348, 1743.42756808, 858.33855752, 784.38699180, 1006.99909346, 2596.87996810, 8654.62558425, 2440.87295033, 3666.82259335, 9420.73582795, 3315.95747322, 7795.26968209, 4230.59403905, 18392.98785872, 3013.24196949, 916.32647200, 442.56511172, 298.35081148, 230.39460025, 204.63203028, 199.86222471, 196.04336408, 206.74494595, 197.13497579, 195.73845913, 165.77613953, 99.79331297,
 85.14615934, 131.68440573, 159.71899475, 188.29702688, 188.15214028, 203.38398932, 203.77388350, 212.43218703, 247.02064052, 325.35252198, 517.40963163, 970.65043195, 2174.43211022, 1297.25786193, 2405.22461128, 2625.36238928, 8711.43945155, 2148.32177226, 883.48884566, 1242.30409434, 3957.17310273, 2201.41427305, 1925.12579694, 6429.24340432, 1713.42559675, 1959.59764124, 8562.78373075, 1957.96386894, 1876.90255822, 7709.17895139, 3112.75728129, 1323.34644150, 753.42217790, 836.19820897, 777.15860737, 586.95955633, 744.24282174, 1840.04255445, 7403.91988457, 1927.04666568, 2002.42744142, 987.31124313, 951.69466147, 1734.12840584, 2710.20377127, 9962.66280654, 3316.29265540, 10481.29919328, 113820.18194130, 7789.72449217, 3509.60136417, 2266.74139338, 993.38377679, 494.71500778, 321.81221434, 254.39351181, 209.51329570, 198.76200683, 201.75765407, 206.69589982, 188.55912792, 190.40973809, 162.02194156, 102.54762806,
 89.29831677, 135.60640974, 156.31120172, 171.59189415, 196.41234114, 215.89807489, 219.25210691, 238.20555392, 277.56269439, 428.97117752, 797.02341367, 2287.31912598, 11067.82170839, 3484.16619634, 12339.04962823, 7455.71444681, 93062.81616334, 6929.88635569, 1365.11443780, 1131.80236805, 2112.08031401, 6713.60852984, 1966.90511903, 2400.88183827, 1236.44619327, 1010.53158386, 1900.71314135, 939.34716489, 911.59303658, 1805.06787130, 1429.06820471, 2733.88313575, 1380.88687330, 2274.92536987, 989.99911198, 851.65855778, 977.54386241, 2031.71149366, 2123.04393241, 2153.61560841, 9016.63715637, 1948.13694808, 878.88035045, 1608.11927843, 5846.24841371, 3295.48395665, 1504.96590630, 2401.25796725, 7668.28085153, 2610.97325226, 5487.33417524, 8926.67194148, 2017.57064173, 712.69168012, 382.20570881, 277.04517233, 215.15670977, 195.18211885, 208.47521101, 214.80764755, 190.60569083, 164.03058387, 152.84466977, 99.93651592,
 89.08202646, 128.39466883, 156.10648056, 170.57534220, 195.12782144, 216.72264829, 228.75394123, 252.24386550, 335.12775449, 520.81310609, 955.52723454, 2008.07297015, 2781.06928444, 8667.29684258, 139487.61302584, 9209.71211727, 7101.69509416, 1876.32556805, 1097.22107737, 1998.36105831, 1279.07193446, 1752.35198601, 1763.78960990, 6142.86190612, 2970.05240778, 1141.01028625, 759.46469461, 499.34430576, 502.37307572, 923.10066142, 2584.91840281, 15337.84252733, 3546.19545430, 11330.85046081, 2353.58062619, 2358.59421317, 2145.91292912, 8421.23760329, 3357.68738604, 1430.14196157, 1986.64776436, 866.51795941, 626.84553892, 1059.97071462, 2838.46521009, 8072.08792922, 1864.64679257, 1031.63017052, 1909.88027946, 5640.74460705, 49953.75677900, 8233.05148023, 2055.12825915, 778.01779578, 404.32892275, 283.06200235, 232.07882240, 220.12323902, 218.73813457, 217.55766646, 188.81311344, 176.08752219, 157.59795687, 103.34043473,
 83.64767670, 121.89162778, 157.90554291, 181.24937378, 186.80090549, 213.74754957, 246.10828236, 310.92053497, 451.67996688, 767.38192331, 1932.67929328, 7390.69648831, 1980.00023635, 2297.89020244, 9113.06625038, 15831.52709449, 3070.33014480, 1169.99997059, 2047.10665639, 9159.81215991, 2352.22735571, 1094.69452785, 1046.25187027, 2932.09523631, 13443.61192870, 2404.44209220, 708.14397023, 381.58215704, 347.75825485, 493.59395255, 1028.54831122, 2643.90834377, 1341.61470413, 2312.44553615, 2400.05580154, 11366.54292009, 2447.26648219, 3401.44826281, 15637.01864420, 2659.35460100, 943.62146890, 516.78298847, 556.09338840, 1334.90438043, 4651.62153896, 2322.57897065, 916.69293236, 607.39817379, 886.79287955, 2052.83752237, 8030.86417682, 64372.85626458, 5707.46691101, 1204.24949783, 456.57195834, 292.72672519, 227.92051815, 215.81440737, 212.61974542, 213.46490023, 191.00864664, 181.60251469, 166.62338450, 106.80430453,
 90.44457752, 137.18607051, 152.30128068, 166.59902909, 200.68754159, 235.22108733, 290.46089347, 389.42090122, 681.19126292, 1352.65628215, 2919.80863496, 2056.65150495, 1311.72306521, 2476.80907824, 8062.79550347, 27734.76582276, 4013.13256251, 1203.18586312, 1164.09603804, 2853.48562784, 6470.68983674, 1820.96677637, 865.96065771, 1142.78502348, 2503.83600926, 1056.86707231, 499.22743797, 342.32961188, 306.15545640, 345.71268285, 505.74812530, 786.11083261, 662.28177081, 838.59297183, 1035.18572289, 2283.61090331, 1100.78839273, 1255.25129706, 2716.12850102, 1120.66285645, 557.32235888, 395.78596196, 436.25822279, 740.54466064, 1349.60546584, 1007.19840524, 594.81452356, 536.29417900, 1017.61063109, 3001.58879904, 11633.86847833, 6152.70186433, 1654.12858595, 652.82335005, 344.70495237, 249.27862306, 207.33918913, 216.53384940, 217.03663982, 219.39769212, 191.57393368, 185.39411177, 159.81523329, 104.10008702,
 81.72878288, 136.13132348, 154.40137900, 173.05065680, 197.02850425, 255.73855348, 337.33699610, 576.54065801, 1343.19585444, 4312.57184583, 17000.06649105, 2937.05432252, 2695.82835689, 9896.47929474, 106372.86942884, 1344821.42535464, 27481.85821782, 2781.45321355, 1725.61923614, 7704.58654379, 80287.48863065, 6416.05755567, 1312.20628513, 677.82386549, 777.91906641, 527.24603986, 354.08670136, 274.93907228, 251.17156334, 273.70013406, 317.71356791, 386.07817345, 391.20073563, 445.68244963, 538.11375062, 739.11809956, 556.80943277, 582.99038228, 809.88761779, 541.73872087, 378.40734282, 381.90980803, 516.58673752, 819.09847237, 1010.40664299, 1844.77130487, 867.36829577, 731.47321794, 1890.07016500, 8334.25403951, 2974.74264870, 1407.97854181, 666.40868183, 392.06131560, 273.35415665, 223.09903728, 216.05516217, 198.84583215, 220.01544661, 222.42210217, 200.76782661, 190.37505672, 168.49642274, 104.52951248,
 77.06564602, 128.97395093, 147.83373731, 177.75033243, 206.21767330, 261.11449347, 403.61098971, 876.63486810, 3134.33360532, 20288.28755437, 4294.97263974, 2125.23543144, 7007.14680556, 2915.98289982, 7862.32135882, 27444.96341353, 4382.41921842, 1337.23200267, 1360.00923993, 3669.72672198, 6460.89461410, 1812.31505856, 749.70525591, 466.82693715, 413.55229408, 318.94147044, 267.44815426, 228.63693605, 215.09622351, 220.02567622, 240.56909930, 278.92942501, 289.47599885, 301.82420481, 333.23094137, 383.04130459, 341.89877350, 359.78520495, 391.65743930, 356.51340279, 363.81673089, 546.02053807, 1066.81048770, 2586.75879900, 2115.05567349, 8101.81904438, 1914.07846110, 768.49075986, 915.44947784, 1857.88857581, 998.87893649, 582.11510608, 383.97310983, 264.40469622, 237.42384386, 211.84749876, 215.44969834, 202.82191159, 211.62312933, 218.36598584, 209.51221227, 190.89838533, 159.16446997, 94.54034519,
 77.69747437, 135.43925896, 154.14190661, 181.82797821, 216.04416135, 241.64935847, 325.36140031, 555.48344181, 1163.34732863, 2986.71532291, 1260.61031610, 922.00488749, 1687.03406256, 1038.23510878, 1587.90016802, 3395.88743450, 8170.77742921, 1998.25367971, 3097.10505049, 19295.80014048, 3294.34682093, 1014.77152550, 519.33115662, 353.40119283, 286.37636917, 247.87289013, 224.38923630, 214.17696816, 203.46253285, 206.74137536, 206.19993047, 231.03624062, 230.48030794, 248.57602462, 255.48512106, 269.72208966, 260.58112996, 244.97258295, 264.21991652, 301.73088148, 400.67848183, 797.34518824, 2578.43793859, 14332.24674662, 2654.33923889, 2128.33205428, 1936.50422972, 930.81706275, 841.18252350, 728.36316210, 526.67008260, 390.68924205, 366.05136851, 293.16804868, 306.23204145, 268.12531295, 235.20363447, 215.84694761, 214.27551176, 196.48733784, 186.91301506, 191.09321119, 164.49671767, 103.13062662,
 81.97323524, 146.77123844, 163.51031541, 179.81784740, 210.35811239, 220.49321094, 265.67303058, 357.26359201, 526.99159391, 759.46414160, 510.69697907, 465.39875976, 570.46957677, 508.33705711, 695.33112369, 1149.36015366, 1859.64677810, 995.40458056, 1482.71390611, 4033.93852134, 1503.85837449, 655.25705617, 391.60624879, 286.90450717, 247.31957285, 233.13968661, 214.80577986, 203.12278617, 196.45759915, 213.21488034, 209.14524434, 211.95613199, 209.03742656, 214.53771942, 216.81299081, 224.77684261, 199.11648928, 191.79958613, 217.42852012, 247.23156730, 309.44141279, 537.98266080, 1083.91210047, 2509.67149652, 1177.17088852, 1867.27249656, 7453.02863435, 2021.74788715, 2182.66778597, 976.18910701, 753.34994943, 554.79748011, 688.55207630, 519.63740459, 548.55341078, 404.59841053, 289.97083778, 224.59379010, 208.52404313, 210.37960394, 191.50436357, 181.81881670, 146.03291739, 91.75859930,
 93.79059389, 150.63481238, 176.42215921, 175.44847797, 195.82208688, 194.40472766, 223.17889413, 239.59398370, 286.99940700, 321.14448523, 287.12715601, 274.79420948, 335.59175020, 447.53654877, 818.79656412, 1807.25362545, 1059.07065829, 882.42895287, 2566.71778377, 14349.00753576, 2576.69012200, 729.60803097, 382.08002401, 268.82656814, 217.50398436, 218.09572601, 219.07515633, 201.62228750, 196.01249359, 210.07222676, 217.14637072, 212.77060333, 197.43472430, 207.15957727, 206.94567048, 207.90379021, 190.10897715, 196.03584417, 198.43478499, 232.23548970, 270.88085001, 349.80237455, 509.24499002, 747.33300499, 556.41993176, 827.54562745, 1797.05937937, 2228.51576752, 10162.44943712, 2297.67357989, 2206.08128436, 1213.93213965, 2197.60710749, 1183.18627320, 1567.82036054, 797.64136139, 431.62516141, 308.65906890, 221.19632784, 214.74639526, 192.97289146, 169.07722660, 143.85685577, 92.73419629,
 104.38252932, 160.17499842, 191.25853890, 187.77334122, 185.24875407, 185.51372662, 204.34691760, 192.00913161, 208.67361163, 194.66827185, 198.02750194, 207.24468230, 297.97637579, 578.68873722, 1751.20436200, 7632.60839205, 1765.72416913, 727.23192231, 1028.15229316, 2461.85574360, 1085.66438980, 505.09336538, 334.24959502, 259.67749296, 209.75541161, 218.96020600, 215.28677063, 211.17693778, 198.32749664, 208.73591339, 217.27441074, 212.84951221, 207.99691039, 204.36590404, 196.30318234, 180.90208109, 190.30982208, 189.10480000, 204.91435421, 205.31812434, 226.28180889, 254.38289099, 303.00048051, 344.19858945, 315.90585595, 426.62470416, 632.58761436, 945.45631729, 2142.27656244, 2348.42236473, 10434.48120902, 3151.65018069, 10984.72883295, 3745.21083378, 9926.28123475, 2263.11505342, 800.06226528, 420.57054687, 274.73279784, 227.51416858, 187.55141404, 166.91957854, 143.21401303, 81.74798143,
 100.57489245, 152.16963023, 190.85063034, 182.01063833, 182.69257486, 191.47720807, 186.92161503, 175.72115245, 168.50030186, 155.94908894, 159.54922340, 179.52637167, 239.57526000, 401.12720626, 801.11455044, 1726.64898100, 812.46043016, 472.36348180, 536.14669431, 774.51249223, 527.37688596, 369.22028148, 262.91210250, 237.23615363, 207.24004611, 207.02363443, 214.41642783, 215.10916394, 205.75460394, 205.44463180, 202.58081858, 203.69384593, 194.50659565, 191.44000005, 183.47724424, 202.44991429, 195.83784354, 192.63053085, 191.73963055, 182.44586741, 202.55594636, 227.72724451, 254.50596895, 255.64283607, 252.92798542, 264.40670732, 330.30053107, 458.61042364, 726.77082651, 941.48439204, 2074.45831611, 1366.23946580, 3404.28288959, 15725.67892204, 183075.59816209, 9804.55079120, 1588.80546748, 549.60973916, 308.36594357, 226.78537189, 189.00314229, 164.48902779, 140.05890016, 88.91862603,
 89.51952280, 151.52336658, 186.57338136, 190.91444495, 174.84589362, 192.73126282, 187.75577955, 176.52612782, 177.14609172, 152.65338207, 162.19713587, 186.86402091, 237.72636915, 294.34089426, 430.62433117, 641.86722331, 454.17798166, 363.35522701, 357.99029287, 387.35577508, 333.07017341, 284.82140351, 244.74542919, 208.40486673, 194.68196415, 201.32275655, 205.33923854, 199.16440076, 203.64934449, 202.51767817, 206.42873090, 201.14198012, 180.35552944, 179.46202592, 187.63654810, 205.41645815, 209.04418260, 195.25283551, 205.06286521, 204.60239567, 212.89382813, 219.52039331, 234.16861701, 235.45567203, 229.16957491, 253.04199355, 283.78451678, 332.56965206, 423.03461449, 519.22341972, 712.17622106, 695.18347506, 1209.13714233, 3051.56951969, 9868.85951352, 2295.45750188, 788.15876665, 411.13991052, 284.54771679, 204.30614023, 177.11920324, 161.81691514, 144.27222344, 86.93498534,
 88.31188676, 136.68941279, 161.57986845, 177.35904980, 195.25180145, 191.96621535, 196.84467311, 172.43356159, 174.52077166, 170.96451252, 166.88853738, 192.73006623, 208.17153325, 242.98136994, 266.57294652, 343.73432513, 298.69688148, 265.70716605, 255.55017234, 258.13142240, 249.85250997, 233.88805819, 215.20177774, 189.99334943, 185.08533639, 179.40613083, 186.84466927, 194.32834926, 183.87175504, 191.39496815, 198.79688375, 207.18960245, 201.82300072, 182.72033294, 193.51835493, 214.10417191, 208.49057235, 187.80234564, 190.83429847, 210.27403180, 220.42930479, 222.58084692, 214.28247148, 209.99365533, 225.52483657, 234.96031753, 243.99359449, 246.34237335, 300.02476414, 341.27094835, 388.76646341, 428.45691396, 578.14118131, 940.55520904, 1607.14762541, 831.75506711, 476.28193288, 321.67538604, 252.85043538, 214.50985964, 200.15222910, 170.73366521, 141.04004186, 83.64246795,
 94.45219471, 153.08933266, 163.82094019, 180.59241791, 193.61725971, 185.82582405, 189.38872056, 181.31793078, 175.64167336, 172.39176904, 168.81993776, 192.29258845, 215.25691871, 224.03661728, 221.20591878, 251.55772437, 228.58040414, 223.49662145, 226.64782191, 232.35731397, 219.56346591, 213.90595197, 199.57248280, 177.93799973, 182.32440017, 183.41323135, 192.87833645, 182.05830931, 193.84216322, 183.58081436, 190.14332141, 187.36124762, 193.22782901, 196.14685269, 187.87607066, 211.55381790, 205.96011296, 197.79842433, 204.45752222, 205.54890098, 206.87990562, 209.28181957, 209.79479068, 201.64323810, 211.93735212, 205.26886867, 226.46793922, 229.39214414, 234.14860355, 250.83956125, 281.68037035, 283.79551345, 350.60924452, 463.08701659, 567.34133851, 412.76589181, 327.51840895, 260.94241263, 214.46770406, 204.36526021, 197.20257986, 190.23262105, 147.04563883, 88.49179252,
 90.27161839, 153.81881482, 169.61904356, 193.83343267, 192.42094009, 198.73624742, 205.76480257, 205.47176308, 190.72495525, 196.29955380, 190.16732930, 201.17674363, 207.78955659, 214.36966852, 208.25895804, 206.72852837, 198.65228954, 212.61088721, 217.82468253, 208.77504995, 205.67062429, 197.59472204, 179.82171759, 179.33354601, 182.50557183, 194.49197330, 193.44949360, 197.00531170, 191.96187695, 189.93618348, 196.15551219, 202.54573975, 202.42468002, 190.27914786, 187.41553790, 207.17928418, 206.15912120, 169.33482217, 189.62232347, 195.30059858, 188.33825902, 193.60203152, 199.39113323, 184.27417430, 209.36338391, 218.45474144, 208.43482819, 209.98652319, 200.94476253, 218.94189705, 236.09094929, 241.71414556, 239.49200140, 297.68073791, 327.54379306, 294.22623127, 256.86212569, 226.18104288, 184.94037895, 178.64016674, 194.29586222, 193.78757493, 156.37412354, 99.63204964,
 91.30922244, 146.07523663, 188.58906815, 198.25467514, 201.60354478, 195.32261239, 188.90324953, 202.50189414, 212.35163574, 209.31839932, 199.86132885, 199.04710021, 181.32388572, 195.61669695, 212.05778444, 209.42484031, 198.13706626, 190.80878666, 197.45303353, 179.38381160, 189.13102865, 178.53987852, 170.56833612, 168.54223185, 191.00957533, 197.31294107, 191.09163041, 195.62014293, 192.27311014, 190.97271141, 190.16002507, 189.56203855, 203.84951361, 199.33536909, 177.12081970, 179.78775077, 198.77818140, 180.65147828, 200.13381103, 195.95085793, 190.66011464, 199.83039182, 202.09468863, 209.29919197, 215.79654633, 217.09045440, 206.19604839, 190.91631600, 183.73279275, 195.11220281, 215.00596720, 221.02956368, 210.99494950, 229.81836507, 240.40504913, 230.88962017, 192.62813701, 188.93155507, 169.89261002, 178.21762994, 181.27860543, 183.80299490, 149.26526765, 91.44813818,
 95.66408688, 150.87371132, 185.22941158, 191.24165191, 194.08173251, 192.12684020, 199.35871904, 201.80198034, 205.61070343, 202.88885931, 192.52314265, 165.93743851, 175.68768963, 185.34507416, 198.98133210, 182.79367566, 191.01356684, 180.57628510, 173.44450418, 160.83730321, 166.97502525, 165.99404898, 160.27920724, 164.67679143, 175.49733708, 178.54020775, 161.09127751, 158.39644112, 152.43126040, 165.51498369, 177.14058157, 191.03141308, 184.05187628, 181.77713575, 174.15832144, 161.78236588, 180.56578372, 178.43362053, 186.61197396, 164.59471639, 170.11786141, 191.92956044, 188.17338381, 193.15720500, 190.65026822, 203.92255619, 200.42178221, 186.14743445, 159.21948651, 169.48249799, 179.58599954, 195.27734698, 194.66965612, 182.03114683, 174.92345084, 183.63521415, 167.50313115, 164.05530986, 152.11582750, 154.85616609, 145.71496154, 155.35524087, 140.62472023, 80.35179119,
 80.14352604, 128.76860023, 157.99739470, 167.75586386, 166.00132110, 156.81723068, 172.59712873, 172.86687045, 162.41631797, 159.17384552, 150.60459872, 149.12231915, 153.04431623, 170.04641349, 169.10083597, 159.43404231, 152.71640986, 158.73527704, 157.50432005, 152.35596243, 157.44248061, 146.41019451, 139.07230032, 150.77445246, 157.81421653, 153.12284510, 144.56759686, 150.99905146, 156.66734882, 159.04748604, 157.67650270, 161.22614533, 160.27938766, 156.52615636, 136.56718982, 150.93037912, 149.13401493, 157.68979959, 151.00617330, 139.30082446, 132.91935415, 159.45146908, 155.90208437, 155.64435297, 164.59993177, 172.51835312, 164.49907407, 156.17374998, 143.92053600, 147.82578527, 148.29496547, 142.31843328, 149.24919340, 142.20121383, 145.58546044, 153.29172868, 141.62485151, 135.37073562, 131.22004717, 127.86228210, 125.05529939, 129.77291351, 110.85955166, 66.26649790,
 47.42953325, 83.80298015, 101.46230925, 102.41619537, 104.49971168, 92.89250440, 102.35435874, 102.06235279, 102.55795481, 104.97179050, 105.91163188, 106.93872157, 109.05257298, 113.58075648, 110.49634524, 96.11998102, 96.41126001, 94.38185830, 102.49986659, 104.58153056, 101.24743009, 87.85574556, 96.54098090, 98.36714703, 89.65163866, 95.13577470, 92.78838295, 91.85652068, 100.60666960, 93.77018377, 104.42460170, 103.56790752, 106.21185760, 98.56180750, 93.15881306, 90.94280034, 92.05399474, 88.16364095, 88.60464139, 85.62369019, 87.17619700, 95.39173436, 91.90957584, 95.07289634, 101.29137678, 98.82640606, 105.98088888, 99.94392478, 98.43667032, 99.75043198, 93.25126752, 87.36064352, 84.92751441, 84.46729105, 97.11928169, 99.15161900, 99.21983411, 95.16051867, 85.17726964, 77.95652936, 76.55425743, 76.58455461, 67.16349493, 38.42970241,
