 222.83300799, 195.80515485, 184.82002581, 187.60549241, 168.08378469, 231.79846804, 216.95805736, 228.81095266, 176.49517057, 164.64863265, 220.24989539, 179.43760497, 207.20673586, 180.28718086, 186.27336002, 234.53048255, 195.87119738, 142.99249597, 141.21542521, 181.03554650, 224.83229613, 187.86718391, 170.93066479, 202.71526074, 183.45214623, 179.51899308, 149.13216284, 216.53093101, 174.28901883, 132.29306301, 218.12769170, 230.99714749, 239.61007762, 236.21531705, 227.78757355, 130.32101326, 136.18299667, 183.73714721, 150.76606630, 134.02851781, 186.60521011, 209.23079369, 232.87767838, 217.18675679, 178.12614299, 142.46942143, 174.86338481, 114.29854208, 167.89904883, 181.87342556, 123.09829766, 167.94439679, 184.16696516, 134.65206575, 216.30934291, 220.28376861, 223.11905967, 201.47861932, 211.53420465, 189.52546600, 131.66043486, 227.48137139, 229.24321763, 167.40224280,
 228.74584116, 205.53292478, 229.95001736, 237.24005860, 246.82291009, 222.70739074, 242.24193034, 175.74725318, 238.50236017, 201.33426593, 172.38283684, 241.85825676, 214.19659357, 212.07059065, 245.22523692, 245.89547463, 151.54529658, 173.86291743, 225.16119779, 183.65759713, 213.65178864, 231.02006416, 172.14515373, 196.16591147, 242.09493775, 209.28064448, 159.88499727, 229.09218898, 174.90971414, 179.44761579, 248.07583650, 230.61365963, 244.51821763, 195.91019151, 178.07811219, 194.48141174, 134.92491916, 204.81296493, 148.87360107, 136.21023079, 224.04094172, 168.60844464, 241.41690138, 242.21338706, 201.19400700, 187.75153764, 170.42109366, 192.95480288, 168.63690127, 220.07918286, 201.32620797, 233.56465187, 189.60416764, 143.83544043, 202.69810825, 165.33677270, 209.47867136, 183.93843971, 204.07994107, 225.13425435, 149.63763410, 160.27898208, 161.53812871, 218.02164700,
 124.25997339, 194.79815432, 206.06267368, 185.71268353, 242.33831956, 249.99563060, 218.47261771, 216.70047418, 196.04586796, 226.51303524, 228.79468125, 239.09483787, 223.29140720, 169.52497688, 192.53516321, 215.79618463, 148.08882463, 198.49014499, 170.98511218, 226.61475209, 157.74304718, 208.10262088, 213.00459997, 216.22406601, 202.88209906, 215.90354051, 237.21850802, 175.02298756, 161.99778772, 147.41933617, 246.22667873, 241.19189369, 184.22858564, 237.61448245, 197.21006138, 157.64631800, 140.80030922, 195.38174470, 152.48389399, 129.29341100, 244.57384273, 228.44037148, 208.67597468, 153.31772756, 241.57781028, 228.87870693, 239.15091617, 245.13076607, 214.95640833, 247.30590425, 195.29108591, 218.69535459, 244.54454847, 184.49599511, 205.48654129, 205.60342175, 201.54309150, 158.22020506, 148.60906115, 201.39084580, 185.38256796, 152.19416242, 231.68071869, 149.46444923,
 159.12033923, 242.54841072, 221.20579798, 196.47818693, 190.40578511, 244.63263027, 233.05527143, 207.22063217, 175.53421005, 211.82049132, 244.49398838, 205.94086557, 193.67881158, 221.61373576, 234.17040668, 238.64648560, 242.05554900, 216.99724206, 181.50559872, 190.22649638, 152.31849538, 237.81186837, 228.21289880, 237.91471179, 243.62087232, 204.59995181, 188.20528383, 173.66944839, 239.50125348, 241.66568310, 248.99917005, 235.94025439, 194.42545281, 175.31243288, 214.40972033, 216.27930221, 238.93652245, 231.62919752, 194.71580585, 138.47365577, 242.21722064, 229.20257781, 229.01255056, 172.95044494, 223.59537939, 173.80162123, 171.12510889, 184.14449463, 201.15884749, 249.14119886, 212.97364514, 240.51677968, 250.07715339, 237.14628153, 162.39716443, 229.46786131, 246.90802092, 219.48945833, 231.08476386, 249.02356112, 232.06039485, 234.37946790, 203.59937352, 156.44629465,
 152.83322062, 213.00968461, 232.28326858, 220.26447457, 171.32583443, 175.16888778, 236.48482684, 173.29230121, 233.48753707, 179.28526467, 180.11838421, 133.75093006, 138.98191689, 156.25900803, 208.65915692, 167.14539575, 201.43206008, 198.15039959, 237.08749842, 172.51910738, 200.76968374, 157.26501867, 151.34624311, 173.57683198, 224.24798387, 166.96504308, 203.90460505, 155.92372832, 172.60160054, 177.21588937, 179.40894681, 174.43915327, 146.56670586, 235.46822029, 220.46543728, 151.83199341, 189.08574281, 191.63255025, 214.27896108, 203.40467088, 216.98443732, 247.29738130, 244.71903123, 200.16055154, 207.01343556, 188.73733518, 169.25169910, 175.38455684, 193.19218219, 244.38078061, 208.60741864, 162.51277444, 182.24041112, 159.08963677, 205.29164870, 174.88920733, 211.03691992, 174.67442022, 176.75345740, 232.86782385, 236.39805010, 181.16739492, 214.76942668, 193.54001290,
 158.20201512, 245.60308200, 228.04175482, 246.27343149, 190.43812471, 191.50589591, 233.00308223, 182.82384361, 206.70171012, 137.77545161, 187.08984661, 151.54321747, 155.26406310, 238.05151386, 240.55865887, 212.52790245, 198.56862825, 238.64169156, 192.08666788, 206.19224176, 211.71803309, 179.61763715, 130.25018921, 128.72025804, 234.97504883, 231.57720547, 173.75835307, 186.83200047, 231.99067971, 248.95987362, 243.00078452, 164.23381807, 209.22665099, 197.94276070, 242.19100749, 238.84048530, 200.81021458, 225.23340609, 197.04129374, 178.16690959, 237.93209297, 197.76803524, 165.18373217, 171.52305484, 184.09236469, 215.27705701, 228.52420347, 161.85040418, 195.41228528, 186.49422858, 246.52055083, 235.07437777, 199.66215919, 192.65626744, 182.78343852, 209.60962786, 241.44026753, 166.57604947, 189.05302705, 176.52561474, 194.77128909, 179.93258861, 223.90674812, 229.87058042,
 188.45785153, 244.73414511, 194.55790025, 223.19739137, 202.81194038, 165.46918649, 237.07873380, 176.54152409, 212.11498219, 181.43341112, 212.32991788, 235.29168018, 198.72141907, 195.61856092, 248.35687116, 239.45240102, 244.45695235, 183.68409616, 241.63535882, 215.60533010, 239.73741386, 184.03964116, 181.70831468, 160.26017848, 169.22659598, 220.93317909, 155.06813101, 192.90565715, 197.01977279, 248.89380676, 232.08672841, 192.52032638, 212.07888974, 219.96148763, 159.30366171, 187.53511422, 200.15012378, 212.97498151, 196.48409578, 225.86566774, 244.82467120, 248.57868932, 224.89185385, 227.01027522, 245.84498157, 219.82210355, 245.33340034, 200.27368567, 241.05846641, 172.92582375, 223.14990094, 153.96457302, 152.35391583, 180.55510149, 144.53076806, 191.27790571, 197.02883143, 184.09711089, 246.16700648, 243.94939369, 231.42584399, 153.67942885, 214.08340628, 145.99676071,
 173.58123639, 200.66121948, 197.76790885, 208.19280060, 224.27342882, 149.86647423, 162.87946112, 225.95692355, 206.30538712, 196.52083763, 224.92435424, 240.28649579, 134.39152610, 125.45163742, 215.78024519, 209.31947766, 225.18208760, 177.31054254, 217.41808617, 213.78482817, 164.38788282, 204.78370547, 180.91404162, 201.14228309, 163.72642902, 202.73941471, 241.84930241, 242.05412531, 191.04045807, 226.35466462, 187.58688618, 188.45021434, 214.26111635, 226.05901623, 236.13852553, 222.75175430, 183.25597768, 207.87942079, 151.49346495, 155.23605212, 187.04209084, 249.36374011, 249.43698592, 196.41010185, 227.89029746, 215.30502738, 197.47870184, 192.25854064, 215.80533827, 183.02574279, 154.24591873, 199.68539098, 221.72416718, 215.95632910, 194.60259666, 169.74002061, 170.23250252, 177.51619247, 232.16882141, 174.88280232, 193.78334265, 238.49835558, 208.60874524, 128.45936940,
 233.23004910, 229.08514092, 245.75101290, 245.51558437, 229.48388110, 214.10083000, 198.90038306, 169.14480424, 240.15943390, 187.61027034, 241.29234334, 182.57368488, 148.79343377, 145.22205875, 207.38456665, 211.72186432, 209.11457598, 212.36462819, 198.42615379, 244.53270719, 178.09391764, 173.54430298, 129.74575823, 179.63893820, 234.43574616, 180.58059259, 194.00917089, 192.62339689, 652.85218758, 254.12630072, 198.54838631, 230.27714809, 177.10659118, 722.64708507, 262.55822934, 592.96834556, 204.49388829, 230.26619852, 131.82963477, 216.65271043, 238.08777147, 234.94080833, 243.93106120, 190.90478050, 207.36124396, 239.67620838, 185.22493064, 238.50426717, 242.22718537, 199.39418340, 175.82381916, 141.10725464, 236.43360321, 162.45401369, 186.05933428, 172.22168746, 147.24085927, 209.17649281, 245.47237309, 165.02025629, 208.57136739, 206.05570474, 172.55197155, 149.28801923,
 217.10437492, 240.47041095, 193.98963828, 222.99714726, 169.59566019, 202.96355120, 219.86671297, 243.04731712, 230.13802486, 218.08805839, 202.56513766, 170.29546600, 209.58516369, 191.10371655, 166.36842775, 180.95340538, 242.28288542, 179.34142426, 177.27540772, 246.48585821, 243.34521355, 189.12752695, 141.09976148, 234.20730075, 179.74985912, 484.67906761, 160.53882108, 689.91574431, 16324.57990334, 728.69991467, 656.55466441, 181.10263443, 788.34347464, 20454.57450326, 1062.17308753, 13402.17159462, 658.61896698, 125.42649500, 124.01900748, 221.78185259, 211.67730671, 190.51207900, 166.65264378, 223.28180379, 205.55450254, 245.47701027, 195.03691697, 141.09082985, 152.90692159, 242.42598511, 243.41296628, 151.80153031, 215.61929038, 238.99094277, 174.73476877, 152.83564735, 155.54322084, 239.23810754, 248.96486359, 215.67586837, 189.04169725, 183.76307193, 239.87285799, 192.37837502,
 203.62353398, 242.70441296, 211.57181003, 184.36049935, 221.13065493, 186.73206313, 181.82289892, 202.61293481, 141.56529698, 141.32631273, 234.39449643, 172.40465265, 181.12595058, 243.64980606, 201.33332277, 185.46260256, 234.81134936, 202.65067936, 193.09648446, 197.33859121, 206.04771945, 241.97429680, 209.21074581, 201.30615848, 436.80752385, 7212.25141049, 505.89124822, 626.74280605, 767.32527775, 709.58921757, 15933.50438384, 885.02938997, 1056.34598991, 856.06836748, 814.43878349, 696.99462513, 138.56982577, 130.26545808, 574.51199494, 195.05362238, 224.94326895, 169.65911234, 181.47076611, 208.14867213, 144.20397790, 204.31010466, 244.98539020, 189.27457412, 195.44369292, 214.02907680, 248.01707670, 210.23266486, 227.01465911, 218.55730521, 226.48947160, 175.13411893, 161.64132201, 183.07627828, 198.52403516, 245.83915673, 227.11941753, 182.71840171, 209.45092994, 232.53659929,
 121.51109816, 134.20154271, 149.08787996, 202.89887691, 238.78660321, 138.53667496, 132.33062254, 211.80724341, 182.40168533, 154.11970301, 179.46526709, 216.57407846, 243.68709195, 244.08400816, 181.41278113, 173.81816399, 178.13182805, 214.45925309, 158.99387843, 193.72893980, 204.34900568, 238.25338970, 201.60368135, 162.09665566, 121.47833665, 491.72421620, 602.53071698, 11510.10080739, 605.93605018, 160.92974045, 863.37534009, 8313.79401619, 36200.57477990, 1390.46739102, 21947.07351008, 1128.65842243, 174.42049045, 539.33765587, 10164.34536381, 554.04189559, 195.53104576, 161.20170119, 232.52998068, 171.45850194, 187.19275527, 240.69288345, 246.22291202, 177.56348862, 234.72975333, 155.05832849, 214.22521255, 226.25586947, 246.15484646, 192.90495744, 230.27797681, 165.38102663, 210.97820715, 170.34667754, 181.63423417, 213.27175689, 213.35744318, 213.43556090, 182.77932140, 201.67750513,
 135.21702841, 137.31541719, 141.12658218, 195.34726282, 194.42562250, 199.52307844, 193.11391155, 173.17101081, 180.24187813, 236.76881355, 211.23409309, 241.23521540, 184.77865839, 156.63485030, 166.97240342, 185.46085203, 199.48280807, 241.86639391, 168.81759970, 223.24669151, 174.88478035, 244.46468883, 242.31016218, 112.02621006, 78.53630422, 135.58725249, 136.98687044, 554.63724472, 127.19540582, 93.26320466, 206.77994681, 2170.35361893, 124927.62357948, 2141.05797560, 1326.99482014, 21310.61863204, 772.53635126, 160.79900725, 547.20730087, 143.63357511, 194.15652187, 241.68659951, 236.52118192, 229.00096883, 202.30152163, 149.66699273, 184.02869152, 134.81859330, 175.16127477, 195.40859369, 208.58470519, 149.53536212, 213.68643964, 201.62093728, 201.55201432, 193.75172971, 214.97466023, 176.49021712, 239.79864448, 244.27397270, 210.69331271, 148.91100297, 233.12466836, 234.69231458,
 162.65973734, 208.08019634, 166.01746664, 167.48780650, 224.90975874, 165.99663791, 220.35596783, 168.10072156, 219.07699537, 216.52100370, 227.60165628, 183.53342432, 190.01793259, 162.79279361, 189.71920202, 217.79811892, 207.74757645, 216.60208488, 212.39118552, 178.75182864, 235.48959303, 193.02345896, 230.69317694, 106.86760341, 135.17956646, 668.85146970, 154.07840158, 124.14826352, 121.04808655, 148.68004100, 107.15629868, 245.24390033, 2070.08511467, 911.94072106, 11431.57051885, 1058.19174621, 154.62106357, 92.77769733, 106.04013664, 135.73418872, 167.07127748, 243.77962659, 249.02709705, 236.88107986, 189.64101506, 175.93585512, 171.49764152, 146.12032746, 192.51688457, 209.90383981, 167.43973434, 134.91050003, 193.75219563, 173.55499601, 169.10678757, 182.50594795, 213.99857049, 181.41874123, 167.61418530, 166.21384879, 234.12255445, 169.54421905, 140.91480655, 185.33814613,
 177.43076275, 229.10657719, 172.62960088, 218.94109868, 202.59834521, 224.55016664, 190.49331055, 197.85729621, 240.74933922, 205.96868070, 213.36447829, 236.83635736, 229.19619892, 172.47926882, 239.17766431, 244.80461895, 186.42244247, 246.07413794, 218.81874541, 196.14635059, 175.14587988, 156.92003107, 155.47720349, 115.62119012, 762.84945471, 17270.93822906, 693.14620637, 437.98396348, 850.64734584, 1524.88804008, 208.81066209, 137.66583090, 671.24042763, 13023.60494741, 912.78527064, 176.22808519, 62.23729034, 52.88327229, 68.60018496, 115.93101801, 146.88920444, 221.44232904, 193.04351468, 184.67162191, 227.00524404, 175.96026155, 227.18143887, 165.08131421, 187.31164608, 241.87134931, 233.77080644, 205.26524634, 246.52911681, 211.41094994, 181.15925859, 175.58737065, 194.06703053, 152.29346378, 226.68443977, 166.83911429, 151.62883033, 159.46419834, 147.60718062, 157.64095176,
 127.51995005, 168.79965406, 180.17475714, 247.13925335, 228.98689589, 243.26274482, 150.12403284, 164.59301244, 154.96542430, 196.88162962, 206.18448343, 232.36290113, 241.95023426, 204.90404201, 161.49148939, 190.86855080, 193.76832853, 246.37739228, 220.39690930, 208.36948919, 182.44758380, 217.51513114, 781.86428550, 162.00783605, 147.42027445, 752.30016953, 418.99641360, 5925.56313412, 21178.40688308, 76662.50163991, 1683.67689509, 213.32051955, 139.94326916, 584.97798384, 145.05935439, 70.52484170, 59.15741546, 58.29549344, 77.62628828, 100.31505063, 113.13342703, 209.90627272, 220.74961477, 242.61361127, 215.40536079, 238.80550456, 216.16017630, 196.38413305, 234.57318241, 172.89974676, 207.38305367, 198.99425684, 250.96570751, 238.89837032, 165.39471561, 238.36900475, 174.58949668, 156.49176264, 149.83708982, 187.65803611, 184.58422445, 236.55699871, 238.84633506, 138.04610402,
 225.95622936, 188.41644838, 162.05507882, 242.47094145, 249.94849222, 238.17138592, 238.87621605, 211.71396564, 173.21799708, 184.88719685, 219.62917792, 163.51803436, 152.75071172, 236.51061096, 213.55737611, 185.29578005, 243.15146995, 211.61743394, 236.18933050, 175.41416926, 248.01548807, 800.47563237, 23176.67894465, 848.66066360, 115.67226967, 150.03044909, 560.40034652, 516.11846412, 3174.75601152, 258245.78077432, 3020.44468728, 229.82682447, 116.41426032, 102.60631429, 103.14055893, 77.14199766, 79.79709647, 75.39255472, 99.56072271, 120.99627840, 90.82955015, 123.77966813, 234.42957415, 197.08472433, 163.34045916, 155.57265116, 157.35169549, 171.97296699, 150.85127196, 199.47659244, 184.81536537, 183.30433762, 245.05415824, 206.62694351, 245.24985149, 252.51083314, 229.76123084, 223.23656255, 200.48421930, 238.97270239, 211.27502113, 187.32029812, 206.18019316, 150.68077781,
 191.99174970, 177.49358704, 164.64207771, 232.01838239, 222.89289828, 245.72646068, 176.51997738, 169.74058799, 187.60402827, 210.32502801, 161.85814350, 230.45014998, 239.87020597, 166.47461582, 141.12451655, 203.88119531, 233.25397759, 170.79651503, 141.29358639, 194.40307544, 229.54919830, 176.82456974, 846.33950289, 153.29067017, 123.60149192, 525.38602084, 9906.22020069, 576.42958125, 341.39313276, 3020.02497314, 323.81039919, 170.42773634, 715.64144188, 175.14123067, 597.46415172, 126.60869790, 86.33435851, 90.90357066, 111.10920264, 99.77854134, 112.89901917, 120.33093228, 235.24027704, 215.66820642, 224.04940640, 224.80405179, 188.99970752, 168.35970525, 171.08527845, 198.77322841, 229.17649197, 202.21275421, 204.01403968, 167.46941315, 240.86968582, 243.84179014, 245.49840332, 157.97975708, 242.87360304, 222.37908505, 159.13933760, 203.10351878, 177.99998432, 225.14258333,
 206.65313941, 191.98688352, 235.25780919, 222.27553311, 204.95064919, 232.88867250, 208.81639266, 173.76529931, 206.31827182, 192.73021087, 155.20579242, 146.43138315, 239.22619403, 246.06406004, 207.65950203, 187.81531598, 235.77924937, 178.25443960, 176.75222955, 207.76916776, 227.85665147, 214.34139230, 132.71072250, 134.26835417, 612.79535276, 159.22363469, 538.26204165, 117.36899484, 84.91046989, 227.66105414, 173.24981385, 1136.24853189, 15736.95110628, 995.42056856, 13006.55670074, 616.28031942, 126.45852403, 325.88193777, 123.05721599, 85.90250651, 88.74977403, 90.73689949, 122.97214357, 220.88358581, 191.24852093, 141.85193343, 174.09786130, 209.46889215, 209.65871949, 189.43621841, 243.81248099, 221.85835776, 168.48655929, 203.12754048, 163.78024085, 239.91650638, 245.39256447, 185.59236534, 243.58294649, 155.78415811, 159.23816704, 154.18840388, 160.84565793, 168.66478267,
 237.80376245, 246.26033064, 217.65670420, 231.57715847, 138.10569094, 191.01597697, 154.69282043, 238.41883312, 205.60500509, 162.79442538, 180.48723481, 169.71100548, 205.16509777, 250.74659402, 245.28463032, 161.18317531, 214.30744413, 144.07413301, 138.72460722, 167.03150468, 151.09794965, 143.23689338, 151.77690078, 850.64832556, 12675.83849369, 599.66239869, 581.31261938, 119.89991764, 58.37245173, 117.24978195, 886.73041578, 27787.66869528, 1136.22998868, 212.62170526, 618.32906603, 133.41983877, 345.13328368, 3773.33449356, 366.86587424, 90.87051510, 103.85093382, 74.14827963, 99.00141213, 144.05324429, 155.96474130, 170.53501167, 228.61050097, 249.84441032, 223.88489356, 203.08673597, 188.05211141, 231.38644600, 213.36414084, 151.46347199, 186.80586243, 238.56360752, 186.30129283, 233.24823663, 249.49161037, 177.37306444, 148.66699678, 186.68938619, 175.05072906, 221.91183002,
 227.35832836, 216.46184889, 199.04502013, 221.28670312, 144.90044179, 176.73965557, 238.87921976, 240.15967425, 215.83476511, 240.75493510, 222.84158101, 222.78244472, 189.40858829, 234.20294284, 243.89940068, 224.51617932, 245.99718658, 212.98777584, 173.58546205, 160.21333650, 136.75342060, 123.60833490, 572.97579390, 10395.48790369, 885.17126391, 657.59528634, 12419.57585097, 618.46533262, 98.05848825, 73.32245663, 161.31770126, 886.89147032, 230.99131124, 656.34011353, 155.48213895, 116.39174880, 798.15651700, 20222.86288965, 841.63109364, 171.88216108, 571.28252017, 119.99711905, 94.37927769, 176.48835763, 202.80889265, 237.89341660, 175.63825112, 241.39154957, 201.45473599, 242.90243706, 204.75242588, 226.08302231, 190.29112680, 170.75275160, 179.15363084, 236.63262091, 175.06140172, 248.35207820, 238.91695995, 154.99284796, 213.82733981, 210.22058422, 207.64977786, 196.03944660,
 178.64464578, 196.87474179, 150.17759335, 200.57560374, 239.73924727, 216.87743471, 207.86950136, 169.01213782, 203.90995126, 186.68291226, 191.29030764, 187.29862213, 214.33507332, 241.80018706, 219.29549607, 182.41845914, 191.37182144, 190.38790266, 163.69330271, 143.12075569, 127.69175627, 104.58283212, 126.19225515, 536.59531089, 137.33031197, 129.22668378, 615.56714763, 493.77026895, 125.38647997, 131.57510765, 108.33922365, 191.54912229, 576.74481607, 12898.92252624, 785.67166442, 133.55574501, 146.66405062, 768.26865806, 165.73682702, 595.53922553, 10705.75590744, 579.74497229, 130.12443270, 207.13294548, 222.10583856, 203.81621146, 219.38853943, 189.59774735, 246.47018025, 248.29339813, 227.44857124, 243.23698543, 214.51510140, 241.93245496, 201.73903949, 206.11434563, 157.01223698, 233.59854082, 151.66909633, 179.61654281, 240.83364452, 198.50429901, 235.76823712, 225.81626091,
 208.82312392, 189.73970962, 176.34359400, 193.58604429, 208.96569549, 246.16097840, 246.98750799, 178.60224544, 227.05445389, 196.07070763, 212.11955225, 206.88720463, 147.20229522, 198.25185762, 249.42747654, 246.76239834, 196.02772932, 156.89222167, 140.69896270, 123.53209666, 99.28302106, 76.72045223, 108.48726181, 510.52889087, 127.91932865, 126.85787140, 706.95377066, 9153.50867314, 604.12769199, 627.72435589, 148.11416451, 193.63152472, 207.93107712, 1136.74061239, 6968.87005141, 451.92571780, 130.58889692, 123.09979495, 67.78258401, 129.25685812, 532.36609858, 166.88688776, 419.47947250, 1097.28528701, 240.09797571, 239.11978176, 169.70957952, 166.74796467, 235.76641948, 189.17315111, 244.49165750, 233.83582543, 168.09405996, 192.74922770, 155.14673636, 178.16166978, 194.33443311, 201.46136308, 195.95942176, 182.43051684, 241.57525908, 239.40113150, 152.35700182, 177.25928653,
 235.41838879, 223.66574567, 169.89689506, 237.66505051, 215.68297222, 192.41672952, 233.42231584, 171.09231635, 234.01906332, 226.63683019, 242.21987302, 215.46275343, 168.10030899, 212.92479611, 251.32436798, 254.38447989, 243.94922214, 242.69500096, 228.87174892, 219.50967556, 100.64088150, 114.00370582, 505.53672319, 9319.35387028, 565.45577355, 426.87765602, 6130.44085905, 49049.74124369, 4627.79195411, 12175.54638446, 571.61723744, 235.53621965, 715.20842375, 17792.27490999, 969.51202050, 163.60373762, 123.37328630, 130.19235909, 78.85418360, 115.22558250, 527.70760551, 413.62515867, 5682.51810178, 40450.06675577, 1057.10407417, 204.61920039, 221.52612335, 239.52448525, 239.33426064, 223.66183383, 193.33035965, 187.25751070, 146.74996700, 149.32479628, 198.85315269, 228.33646892, 246.38734444, 230.00492622, 216.57859666, 228.14126803, 233.06378285, 181.39275182, 151.70598463, 173.73479376,
 204.47124575, 203.13988833, 241.98508666, 244.44640920, 176.30918214, 139.49317936, 138.30309838, 185.47002412, 241.57784695, 190.77316940, 233.21105239, 180.18210768, 221.24307620, 226.15884005, 233.94514766, 241.85823610, 151.09537884, 175.77411960, 200.46828597, 111.63315083, 80.56958699, 90.29689109, 131.62417415, 538.56230041, 127.92511388, 211.80188343, 2437.99120176, 164609.88897225, 530420.83790345, 17908.37880258, 690.92534865, 228.34153514, 256.98266423, 686.61701511, 181.32482280, 112.08197592, 98.35680810, 126.47012581, 148.66244836, 538.07599501, 8809.03315752, 508.18759903, 443.20402238, 1152.41889885, 188.92602531, 180.70018414, 235.05725114, 158.56463498, 179.10955391, 190.44112261, 146.75759785, 207.20879811, 211.07785888, 232.13183089, 182.80128343, 220.25724088, 213.81887749, 239.57957728, 157.41767607, 186.02989087, 202.20794923, 145.00840844, 227.86027630, 185.86291528,
 143.02022584, 226.77669331, 196.87951010, 181.59810938, 236.47620545, 160.49537255, 203.57276388, 232.45818766, 191.02325116, 215.22989002, 193.16623614, 187.37367730, 232.58304301, 159.44040740, 239.79866565, 186.73782898, 162.71981280, 175.30024389, 107.87511734, 61.56274063, 61.54783054, 89.57748586, 81.98053354, 98.60727548, 88.98475283, 92.47972450, 260.67835292, 2424.94772542, 4455.56943390, 807.93564983, 236.64408217, 243.22166073, 197.25945688, 196.64777580, 95.61910992, 103.12197627, 113.19653978, 492.07066620, 1013.87244492, 2223.09974662, 39730.15374321, 1121.14049492, 185.50651767, 601.39028406, 151.15938565, 233.53678970, 171.36448104, 234.88343676, 218.89026494, 204.64286522, 237.05452184, 245.56090771, 240.18186143, 140.63200437, 164.77754831, 227.74089083, 232.90181622, 181.07245102, 177.72284989, 202.25745202, 165.38783395, 172.78055533, 248.89373429, 229.36669944,
 113.85401150, 173.82162306, 225.99696330, 185.61408775, 202.63173516, 171.31907425, 208.85120688, 226.75063439, 216.70079174, 228.14108819, 237.77514931, 172.21404776, 178.16885389, 155.35636155, 218.62847145, 226.67909344, 163.63304774, 198.39696510, 99.12702140, 73.63767339, 63.85436640, 68.47574252, 91.76956757, 99.78186983, 124.59421903, 98.03033997, 128.40181937, 235.89292506, 938.38158994, 218.18923485, 159.59649512, 227.40832699, 158.05902587, 221.21714493, 142.22583000, 607.71988780, 502.81972926, 8108.64542771, 29085.95945201, 101831.74059500, 2235.94670878, 227.66510395, 649.68552317, 12835.77389496, 635.06552993, 220.17509144, 225.61392001, 187.18707890, 242.08322941, 214.81356710, 160.18258219, 156.34904517, 214.04315408, 153.69649632, 186.27892409, 181.79517936, 202.06257556, 208.26719814, 226.54504056, 157.89242156, 186.38728616, 168.03327629, 237.38288651, 136.55538822,
 129.27320643, 198.13850965, 185.30755036, 220.97138184, 206.52061388, 246.27822472, 238.30718428, 192.76426929, 198.91032097, 239.42211961, 170.25491590, 233.92993815, 205.95116781, 206.03590094, 227.77744678, 247.70284481, 180.95496955, 182.79591293, 118.24527744, 75.38320200, 92.23344307, 76.33423671, 73.37175237, 100.96261735, 94.16468041, 129.96155855, 550.86208538, 885.58615039, 26143.40393741, 853.48433986, 248.06492953, 184.33021438, 235.53031160, 229.38709899, 599.64665570, 13116.00826283, 923.76565963, 518.17515411, 1009.82780105, 1915.70699821, 255.93900371, 86.65546787, 124.04164131, 605.80775119, 137.80992647, 135.02067190, 222.96654476, 184.43171995, 189.21187343, 234.33666220, 208.62923205, 177.66791523, 222.06048466, 240.34679787, 168.59441097, 238.94691671, 215.38716676, 248.86822923, 229.73074451, 172.61949808, 214.70447007, 178.73831564, 179.73874378, 168.53154724,
 218.98815707, 247.50325983, 216.50245047, 177.44847258, 145.72876634, 238.43373911, 194.82515026, 187.28730367, 231.64937593, 191.70657197, 198.53764706, 157.62445613, 187.34413037, 181.36476886, 155.32514752, 243.09543578, 241.03656830, 141.48985531, 88.82745340, 74.06697347, 86.91958816, 72.94386571, 68.51215078, 110.27207463, 106.20864597, 581.63922840, 10827.78285572, 574.68149845, 855.99363509, 187.24400026, 210.54785401, 241.98124387, 172.29318630, 185.26181210, 167.93850812, 896.94568187, 11878.25146010, 626.15746754, 147.54684350, 187.66223300, 73.03056094, 83.19170197, 73.84495314, 109.91388525, 102.30496600, 133.37386604, 187.06953372, 225.16954736, 244.84285260, 230.11418685, 229.97008583, 231.60602233, 231.27924213, 247.01937733, 211.97152726, 199.71163756, 187.08808093, 243.07486517, 174.02997228, 223.21515997, 149.48732745, 130.01847096, 191.58633648, 227.67288929,
 230.09329899, 233.56229605, 246.66417703, 221.49606030, 179.58530313, 192.16746571, 208.73037955, 218.86146005, 238.54524472, 240.18889174, 185.03526545, 180.73946483, 173.71409836, 140.16620173, 126.79222544, 170.84608187, 196.40532808, 96.07041345, 73.08592148, 53.21255974, 78.28406553, 95.65686596, 136.16725098, 656.68571932, 164.37637339, 590.37600342, 614.07188991, 134.39208617, 151.91506571, 228.45649045, 178.48365740, 244.72033593, 193.01181611, 242.18225266, 184.26143883, 155.57102583, 559.58310418, 124.13171331, 57.74651053, 64.26744384, 112.92975604, 435.02243241, 121.82635833, 98.28861886, 83.83247804, 88.66449578, 156.73853252, 185.21653335, 200.13217441, 188.00057755, 192.16733012, 202.75620938, 155.59946116, 227.76456594, 240.17423096, 165.64353213, 241.04663566, 224.76952696, 220.15552347, 247.79752830, 227.16664150, 164.55519628, 191.11897276, 160.56661992,
 229.28884098, 233.34387496, 252.36562304, 245.19976398, 175.39975773, 242.75746105, 209.56416005, 202.86815236, 243.05412345, 188.18303055, 237.99158080, 207.04798175, 191.40225372, 190.85905530, 133.57811681, 179.78234717, 169.39578393, 88.79683689, 89.11259878, 87.26451192, 124.02460708, 604.81001602, 729.78068021, 16901.80241880, 1054.40861723, 10737.87214894, 557.64596373, 116.23680705, 151.02070900, 158.28147992, 189.69666207, 234.68847559, 221.19053381, 231.02892087, 227.68636477, 126.98905730, 144.03922169, 62.63886338, 48.96066845, 78.28699132, 413.80124117, 5985.12338518, 599.47407831, 141.38159054, 95.35671749, 85.09756389, 96.72573050, 155.68142691, 205.17359229, 175.51613407, 182.43131360, 237.43922825, 229.85412950, 178.20092107, 165.38813940, 151.03766057, 213.71829677, 160.97933508, 208.98953236, 201.14094449, 230.19431995, 208.58409027, 242.89478118, 180.71176819,
 159.17291545, 169.59685487, 231.06708995, 214.23709612, 234.48147486, 253.43190276, 247.55141102, 236.09219164, 198.96505817, 155.30299307, 170.36221255, 195.58100677, 150.03781619, 154.87577810, 208.96673002, 230.34424299, 204.99115595, 102.40468384, 113.81582616, 479.44225232, 586.17601878, 11034.37604319, 607.78811869, 859.41875540, 6625.01086246, 55822.38130610, 1445.56892789, 195.56122046, 199.51173186, 194.12926767, 187.07497924, 242.14850994, 148.74881456, 165.31637987, 164.61158488, 199.89339769, 745.16670281, 134.02035074, 78.54755115, 75.34082111, 135.20107439, 595.21969701, 5284.72785888, 498.86585163, 603.71158385, 145.29595384, 95.80931627, 197.88316761, 199.86535893, 181.79530800, 181.82907477, 195.89274473, 240.21618106, 150.54288998, 187.90722633, 241.84997442, 239.80262446, 137.06750028, 162.02489905, 149.98537815, 218.32716038, 248.30885421, 223.52751570, 234.52568610,
 215.22950704, 192.23020765, 230.53062688, 206.43324402, 228.73241762, 241.21778675, 183.15936399, 151.31188903, 239.11626478, 233.13403816, 244.47075788, 192.49618022, 214.42397053, 239.37339728, 168.58488686, 214.40787689, 148.38551251, 133.55381957, 484.44827470, 7307.97541745, 469.11598483, 548.14286922, 172.27625780, 893.08668182, 24574.33507539, 3616.64470253, 388.14046700, 151.15480733, 235.28652054, 230.13470124, 172.30771069, 239.96607006, 188.04467322, 237.83927076, 168.38587870, 657.96081557, 16584.85454924, 711.00622523, 118.66798768, 78.67707423, 104.63368581, 144.91029955, 719.49716238, 2390.45863256, 13582.87868074, 700.78060640, 143.18529307, 150.20120878, 185.57464993, 242.40618626, 192.20659947, 227.24839311, 201.28024227, 173.56102874, 221.59698898, 208.26839251, 167.22918914, 136.13958203, 170.78008241, 154.64054258, 206.25563995, 246.49635874, 200.06089036, 232.22031110,
 231.29228729, 167.16381120, 151.24737289, 207.61499157, 189.99142801, 162.44400807, 152.93299102, 140.84778364, 179.28882033, 247.58727592, 250.64303754, 202.72397106, 169.61083791, 243.78277049, 205.25915789, 139.94696516, 146.32007060, 648.76719436, 1015.79201806, 33319.58347519, 1066.67391353, 153.61292905, 192.78235323, 1845.41625345, 85496.20869656, 281258.50403086, 3235.83375849, 268.92283159, 228.38058481, 229.54956820, 182.46087703, 206.68181059, 246.37697912, 223.36612313, 173.08193091, 191.75639215, 707.07580441, 140.38155582, 98.82444658, 93.92208532, 147.68448027, 484.21802132, 8431.97007651, 34445.31470498, 156864.13880988, 2411.05784138, 725.44759392, 161.34390921, 220.38671234, 248.96344309, 211.83479201, 242.27954143, 189.83037331, 219.86577370, 182.20932234, 134.98630217, 175.53221934, 183.47877556, 174.00251494, 192.91512787, 208.78675431, 211.45325126, 159.88827116, 166.92432537,
 202.85664069, 223.40013444, 187.78772607, 197.88604467, 239.53412186, 207.92122578, 242.06949826, 192.83787501, 131.80535112, 213.22544013, 230.45268027, 200.19255412, 208.78339305, 204.11383952, 141.87686310, 159.43988330, 604.36016794, 13311.14844027, 669.64561823, 1044.74594579, 188.40304119, 108.75393441, 695.99307579, 15936.00410619, 2020.49698512, 3182.51919247, 328.07988926, 211.68964752, 221.66024930, 178.68272547, 230.77522833, 198.95929342, 242.59623103, 156.83740993, 192.17383113, 241.58949046, 243.73643307, 113.54889670, 96.14739268, 73.79968925, 92.20751741, 109.71335156, 498.57768547, 1129.95474341, 2393.73785831, 816.75527248, 17930.15581292, 706.62034125, 238.53433556, 220.22238027, 176.13138710, 172.60583613, 187.47915091, 186.45015313, 242.00397086, 184.44555180, 216.34365548, 147.78731993, 182.43202109, 158.59789482, 201.89630053, 219.37412857, 162.79737553, 216.73635937,
 168.37993018, 207.92244665, 243.58452689, 200.42381786, 167.10911020, 183.26684581, 234.60661965, 223.15678483, 141.93824881, 183.41054268, 213.54610602, 190.90676418, 210.17404929, 237.72684713, 130.80756273, 87.60166880, 133.46958033, 618.07282614, 141.33519373, 152.67973083, 139.95965387, 87.92370461, 151.14603812, 912.48476013, 12666.73289654, 683.68260702, 214.76727296, 190.97818247, 240.36411824, 243.51249535, 212.51944294, 203.85455821, 235.48542437, 236.77320450, 149.30934239, 172.07780357, 202.33233254, 108.33340997, 96.83976269, 88.18799139, 67.72444331, 67.95749629, 96.67873288, 137.46307201, 197.48801505, 167.63019415, 747.68898542, 153.88002559, 128.06493664, 185.89716996, 202.20265867, 169.65606800, 188.44972977, 198.75902032, 244.60736994, 225.99587816, 243.40778168, 178.91856755, 222.71388266, 215.87295958, 199.05507935, 197.16890621, 181.77468126, 232.98441419,
 206.49874133, 194.69137399, 217.24099366, 167.69949015, 162.79669224, 180.87738687, 198.57325719, 206.15038022, 192.87322111, 213.96246157, 175.22455189, 212.08429235, 162.47329597, 174.36066420, 117.03174475, 75.13281951, 77.34619561, 135.10938211, 126.72820232, 567.51700308, 128.96771419, 71.01791180, 166.04851229, 1288.77511310, 52623.25427098, 1338.47753060, 245.49542349, 167.72950832, 230.88119971, 208.01877197, 217.18114149, 224.96674462, 211.31834437, 222.67995310, 216.74838524, 225.74643129, 225.30878441, 114.41182540, 136.99212870, 81.09820583, 63.75644134, 64.51598775, 76.65440232, 73.04467281, 71.14631561, 78.10907669, 113.67094390, 69.07698649, 120.40434823, 189.35264581, 207.36817285, 207.30570329, 190.06717428, 193.38389311, 168.07454983, 184.48206475, 198.29528958, 241.45715536, 218.86438669, 229.50019173, 213.57106507, 244.63121977, 205.48459878, 205.66569476,
 189.03551617, 213.10825904, 215.63667015, 167.08532461, 191.42572059, 218.64478462, 240.67024153, 207.72768758, 234.40636030, 229.69018200, 245.51491413, 234.52055152, 191.11118343, 224.15150365, 105.07495275, 76.33282387, 134.21633079, 523.49764761, 614.45952561, 10929.66394366, 558.68529691, 164.68410231, 738.90528300, 247.74075017, 1324.13616345, 226.01320354, 182.95644702, 193.13201455, 220.23045378, 226.85555841, 186.17404033, 206.51902275, 204.49482255, 220.59518478, 182.22468001, 195.13847971, 240.43655665, 138.41586991, 94.66154837, 61.19375036, 62.99675783, 72.68767274, 77.82710627, 71.42470553, 67.98034994, 77.65866644, 86.42527255, 125.90570820, 651.63599519, 212.71885569, 230.28535564, 235.06039812, 185.92125840, 206.63933839, 183.87947625, 173.60743832, 194.50649076, 204.33012485, 241.22734200, 169.42982315, 198.51973870, 216.87703828, 185.30743041, 157.51058024,
 231.68888778, 210.78917902, 161.95888155, 183.82702499, 197.99062090, 147.60266008, 212.84603265, 249.61502438, 248.95053445, 180.05427539, 215.68198074, 197.03213864, 170.19877568, 162.60973996, 86.51554498, 130.02428057, 776.50039813, 9907.66153795, 574.42820963, 558.20142770, 154.88009100, 745.28463063, 20398.23968322, 780.34494790, 191.01267791, 128.48409643, 225.72463942, 161.18015959, 219.83500798, 738.44240680, 176.40303416, 172.67662615, 188.27067552, 669.97042912, 249.62241736, 159.20532251, 210.26688723, 222.15949310, 120.31428312, 84.68423459, 103.30601708, 73.21848602, 60.02098311, 61.98421693, 59.46277077, 80.15441996, 118.31963402, 663.98200529, 15113.20136530, 667.85552561, 212.72258359, 205.33126985, 201.83384248, 166.47235661, 223.08536253, 119.97703930, 122.33446631, 147.92850680, 203.47807630, 196.56736110, 199.02709186, 161.15164489, 194.44573206, 142.90298064,
 189.11214350, 178.68907933, 158.55731594, 172.98240190, 189.78222842, 177.12300135, 208.93199359, 252.03359764, 244.36016987, 174.27070303, 179.67172763, 214.26696919, 199.43034508, 596.12474489, 148.73056587, 490.15833110, 8982.79921916, 791.99654914, 139.15871426, 114.98554275, 75.27060894, 180.47037227, 809.53376015, 203.48236875, 655.57363814, 141.46074534, 132.24936329, 122.93423967, 818.64365181, 21382.95854278, 859.85475235, 156.18584460, 702.25248578, 17101.93573781, 737.22059901, 172.71003886, 623.44250334, 148.66641493, 73.16556239, 60.23062007, 72.41677770, 59.30670555, 67.47457964, 76.20488614, 101.95957417, 70.31513196, 153.17872007, 1429.73341654, 59259.42112643, 1436.99651159, 181.36945425, 229.98378864, 204.80927113, 245.26876628, 242.88489034, 123.03767612, 144.12180792, 154.33016466, 180.07688609, 140.80145864, 174.66222813, 219.77476525, 149.30714928, 164.75790667,
 208.73298051, 236.09243017, 194.63678778, 196.55028769, 231.99501768, 196.16904237, 196.02272895, 244.96875660, 175.44933291, 184.26131904, 177.72682700, 156.55975294, 618.25139941, 13313.12806835, 655.16092022, 180.65745900, 553.04955589, 647.17084942, 129.11179122, 78.66741278, 132.56635691, 649.87054082, 186.88481160, 666.98011719, 16176.61073265, 760.84985653, 576.08960101, 125.81346544, 167.24658685, 807.46128835, 563.26663551, 169.45220989, 550.32987561, 768.66658731, 179.63303725, 606.55126965, 13986.54806154, 654.15764258, 102.19590736, 69.91378647, 65.60763894, 76.11030559, 111.62698295, 178.00861418, 678.35106922, 150.99451931, 173.86986493, 632.80785566, 1372.68014774, 216.11883386, 139.46520463, 244.85276563, 250.71489589, 250.50897956, 232.00017176, 149.00460395, 144.52307962, 199.02421540, 238.77628431, 208.09556265, 210.84046287, 218.63178673, 220.53772110, 131.72368205,
 202.35472504, 227.73594982, 216.84236758, 241.68450807, 211.65559273, 185.92507861, 215.67450550, 238.73112899, 239.23977520, 172.98853942, 226.69548408, 177.99439864, 163.70467058, 670.78180330, 533.10194384, 1144.34454060, 659.10599037, 14569.12335558, 656.56070236, 121.34288991, 591.42342692, 12564.23443303, 836.79756967, 182.72693979, 698.23970929, 580.62141440, 10440.56495837, 535.01227350, 177.07789146, 798.69923074, 11350.82205956, 845.19119647, 10169.89379022, 555.20559233, 628.96582286, 174.08179239, 694.60332027, 133.82007895, 75.93639291, 87.37417408, 90.26937321, 132.64353400, 607.55713301, 1610.14980056, 18026.30378387, 1035.34334681, 1452.37461212, 14081.31884370, 717.72769027, 663.19050944, 207.57045885, 215.15666396, 234.01444404, 206.85037098, 244.89158477, 178.43174636, 178.65037707, 204.53041900, 244.63526232, 243.83068514, 218.42749227, 233.88940256, 151.12480734, 157.27629103,
 158.47629208, 153.16825782, 144.99954249, 172.13196558, 242.09502527, 198.60468699, 229.72163889, 196.92618807, 180.88144903, 143.69048833, 160.89630379, 189.04063755, 200.01569011, 500.10329185, 8754.04039215, 39606.52859045, 1103.84616069, 712.45339944, 131.97148155, 70.58560006, 144.76467292, 916.42910923, 12438.16175698, 643.65728379, 152.48897403, 135.04957680, 582.70829033, 141.20382536, 538.93839300, 9816.01011449, 70268.28060679, 1573.40510135, 619.82162494, 644.31331237, 13017.98385280, 588.76657869, 137.30123310, 83.51170933, 96.38386416, 72.49264212, 106.79890981, 641.46501840, 14093.76366275, 58656.77523961, 1720.37649232, 12727.09027252, 51216.32457199, 1528.71106967, 760.29195349, 15839.75616047, 1118.39283626, 200.53206016, 165.28286188, 197.15113231, 228.05861256, 188.94125778, 155.24123262, 176.41674286, 158.21057708, 166.98905657, 237.72081410, 179.91838234, 178.16152587, 201.58222536,
 185.13586047, 178.78933728, 136.21049538, 177.27780635, 237.89619448, 165.64711618, 201.70732514, 191.35676264, 175.72143861, 170.03494822, 219.13391071, 161.87147357, 129.67526238, 118.45953919, 534.31671584, 1167.68456695, 506.53720737, 145.01701475, 80.12368282, 95.87398038, 373.64351077, 183.76374970, 627.22972392, 518.70037237, 124.97403921, 124.55747252, 596.91381547, 141.01510944, 149.93591439, 819.58196978, 1875.20569646, 241.76759396, 108.48793917, 151.02818481, 648.35430222, 145.72159058, 116.84054848, 162.33863308, 548.58177730, 117.41077704, 106.59698148, 139.81118459, 691.44914149, 1380.43488936, 252.28472086, 891.42895182, 1307.48803886, 594.66921682, 1240.60261230, 1168.67794562, 25399.96853130, 838.34312360, 248.07568253, 220.31780335, 231.93383043, 194.84837492, 197.21911884, 210.01812530, 185.37630115, 230.90693078, 195.31893217, 245.29419250, 237.07553926, 181.21987293,
 171.60203687, 162.32185800, 171.56687127, 233.03481753, 169.91966885, 209.84162892, 190.25957659, 185.11423263, 200.90635829, 198.11112204, 224.96209027, 184.39676475, 707.95536840, 167.66500536, 581.45810805, 571.98829724, 8860.11688867, 534.45321322, 111.05567032, 405.75604001, 4912.05184137, 639.06479961, 571.26851562, 9668.13613945, 580.28756955, 632.18969967, 12625.60923482, 643.50272638, 612.91621208, 11150.27204149, 601.18026436, 156.88091380, 91.89872894, 127.42645660, 126.34353563, 89.78134568, 130.90575316, 574.65684157, 11027.61826194, 607.52905169, 662.07135196, 130.55536193, 114.36940159, 181.86201865, 864.95403418, 14242.38611070, 898.08341972, 11049.93505284, 44980.71325957, 1204.21487840, 878.74515504, 627.73526054, 203.67699714, 167.43256195, 197.57951833, 232.30159371, 184.09044019, 187.44812150, 198.73293433, 219.07995593, 167.04063933, 238.30000553, 217.78841455, 205.13530759,
 205.34213334, 191.61656443, 161.21642528, 153.41060931, 204.47198836, 247.73092468, 222.69154771, 228.52149831, 174.43563424, 242.70320118, 220.11068358, 660.89055669, 15988.86732170, 975.23182391, 13388.93529919, 1373.86003684, 39500.08332575, 1095.27138230, 137.33167060, 180.95541431, 672.17982476, 8296.95026795, 497.99475723, 756.85298957, 166.05402399, 131.50929944, 596.18043926, 165.04570936, 148.98858433, 585.53345507, 199.84791872, 745.95777014, 186.65924646, 645.90459594, 172.74250773, 126.88030284, 145.91428435, 641.97351574, 610.11086727, 631.56776038, 13217.58818338, 616.16261670, 120.28395832, 501.26089438, 8791.28340845, 1046.93893606, 191.54776744, 594.58786814, 1254.15382890, 441.63712371, 994.47186929, 12877.75202198, 598.22365247, 198.23847137, 214.32852377, 244.79890726, 172.40828973, 153.51425700, 210.16453855, 247.02048975, 185.54401893, 143.79592853, 190.11254188, 188.13264088,
 217.92825764, 155.86928578, 167.84255828, 155.69916975, 201.61759774, 237.20654120, 219.14631159, 178.89840613, 197.62077554, 228.26659124, 222.68112702, 585.96289053, 706.43500368, 1325.79020679, 56876.08937868, 1554.74500240, 1145.62664785, 175.09220098, 128.97055999, 642.25225349, 173.70696027, 524.64931112, 529.10832575, 8998.69127751, 925.47909753, 155.07318609, 113.70183371, 93.38499026, 86.13129819, 134.98281072, 859.67791695, 21633.64564399, 1077.47949108, 16049.80425586, 761.69683925, 752.18421654, 583.01777585, 12344.79266582, 1074.70990662, 204.01438831, 608.87478222, 135.12731379, 86.23388726, 150.81204444, 939.58892087, 10848.53721183, 567.35741200, 147.93613390, 356.25313335, 4473.29381664, 17472.97508300, 1272.24106507, 223.75652386, 190.54511060, 188.97554448, 218.62632941, 218.03232222, 239.45824684, 235.45647542, 247.09736959, 172.23588702, 183.68909164, 206.36581317, 207.10749554,
 172.30969660, 133.63719874, 180.37339131, 218.98497199, 163.07040348, 193.98496274, 206.39431285, 223.81440797, 234.59384434, 173.73735854, 553.16322157, 10985.59162959, 592.19759647, 224.43764563, 1562.19255235, 14710.36213621, 674.34245775, 134.86607588, 581.74153883, 13409.39365881, 654.81763287, 150.88898051, 154.26433585, 966.06587599, 18066.53199571, 754.99361354, 150.75387433, 105.29747952, 101.28027974, 97.84901210, 158.26127837, 780.19013810, 193.49359575, 709.47616842, 728.78821903, 16299.09620859, 734.21949921, 1029.76718494, 21249.39411509, 796.74849930, 150.67071958, 75.60175186, 90.05413837, 446.94668748, 6686.67419141, 733.27774784, 125.88730039, 67.41405223, 99.22002011, 419.61982945, 1129.88823022, 12392.87029464, 580.90781274, 217.86237013, 171.96991016, 236.07099541, 196.92532007, 211.79159317, 202.74000512, 223.46185066, 175.36651239, 194.05105342, 243.17521059, 215.90080018,
 228.50658252, 209.38086227, 151.90613565, 144.83421921, 212.21642344, 229.03152112, 242.46178399, 185.93086129, 248.07810620, 265.07085029, 836.97612475, 628.94739454, 181.30782466, 525.30550774, 1157.93858144, 2309.21624914, 278.87745089, 81.57679863, 150.58463800, 828.22003427, 1064.86404875, 191.29874105, 146.18312924, 207.53704917, 695.67194564, 249.38658310, 174.93594040, 237.09748417, 231.84283559, 173.11681338, 171.68551274, 197.61126772, 240.02491415, 241.73270934, 204.79094802, 660.47092141, 231.57556989, 251.70221121, 759.95650643, 258.55680349, 159.95060649, 131.10749891, 83.03968547, 108.75943389, 469.69841995, 157.96175988, 60.50218932, 57.64507525, 131.35695646, 799.11943044, 6523.13055428, 766.74242286, 146.12650750, 149.80100873, 146.71008689, 176.69193529, 158.72779262, 237.53573695, 223.67517095, 245.67055362, 166.19553774, 200.16599202, 193.64070459, 196.87878441,
 151.09429790, 203.78573307, 164.65318076, 165.87300570, 165.39846035, 241.22934766, 199.97551024, 195.65875752, 250.85766218, 1219.60927987, 24051.93948285, 922.52898555, 839.66359557, 10681.69156636, 38720.09540217, 137595.48208077, 2147.26342827, 193.33320905, 454.59726464, 6642.27360191, 35721.13846588, 1026.41829386, 239.87447814, 189.47347416, 213.88558183, 231.59911224, 217.33528746, 208.22873804, 200.13189575, 224.84979145, 192.90062123, 195.56501787, 221.92998937, 229.34515598, 244.33839743, 232.34398308, 211.31190156, 204.45705378, 239.75937351, 211.62503795, 141.92749261, 141.81509261, 101.48835176, 118.55924803, 141.56240032, 596.47186874, 124.52152679, 88.31258472, 564.27349151, 12241.11376551, 778.98983731, 159.26812345, 96.62842051, 153.78938805, 166.83511767, 171.36655597, 235.48532546, 168.95665896, 244.39315535, 250.65537994, 192.19667166, 209.78570732, 242.83362526, 206.89293245,
 131.54575613, 164.19494398, 131.89071363, 177.52778135, 184.05423177, 203.71171290, 230.95314593, 250.18038764, 869.32270754, 28523.63291636, 1263.63488627, 571.76806048, 10441.74775033, 851.46384400, 1174.65076453, 2208.96240512, 661.33796639, 142.53583562, 166.83846974, 1021.00132458, 1104.20301225, 216.80946498, 249.29542999, 249.95011615, 243.55782171, 179.95759401, 209.63824255, 187.12768989, 180.94436439, 176.86126761, 183.61802448, 246.23625620, 246.72185001, 215.19029187, 213.01794803, 237.00111052, 197.84483397, 239.97057245, 211.19517186, 215.55407247, 189.46562441, 235.66677365, 201.02716000, 784.31696131, 607.42033506, 11994.54587362, 592.04831319, 108.20966557, 125.44737515, 592.56539458, 134.58213174, 80.61277549, 98.86339857, 113.14722411, 127.35438721, 136.69774758, 217.19860217, 181.88537863, 213.80244343, 246.38845609, 241.71895382, 210.06863293, 191.23900583, 139.51063981,
 122.54682388, 186.88290198, 145.06862048, 183.82020562, 241.34916367, 191.06271229, 186.77457060, 215.97993547, 204.90528518, 1001.39342088, 186.41503720, 124.98906519, 540.30887306, 135.24911501, 155.94376246, 579.93650600, 11804.70696151, 642.26801665, 862.12132133, 27067.71866301, 874.89170364, 191.07081209, 245.80201624, 239.11114342, 199.42533381, 187.04618758, 189.75051691, 216.58060355, 193.33088325, 195.71793650, 161.01899330, 229.19633029, 197.65740982, 243.58287315, 217.22191321, 234.52607999, 237.57244012, 167.09166974, 183.88901816, 244.48562396, 243.04824069, 257.88732003, 736.86974325, 20456.69211195, 806.18262314, 622.82565982, 600.34863120, 126.53147492, 121.66541862, 112.81826132, 65.72104202, 66.10016453, 92.83567964, 105.22839942, 175.87078679, 185.45701520, 195.65597637, 205.91356325, 239.64273925, 169.89889836, 157.36071620, 232.84369628, 241.02310265, 227.70407760,
 123.26431168, 223.80803987, 166.20951718, 168.95826155, 244.35221269, 194.16906617, 202.72983051, 206.16745530, 182.69324585, 143.93266003, 87.45125408, 105.35042044, 103.97486895, 64.21987580, 66.23410470, 145.58812110, 594.56110884, 131.79849200, 183.54290666, 1204.33525892, 220.24969605, 137.64556622, 186.45249241, 197.49226697, 220.19808594, 244.13383708, 206.10217760, 191.54308557, 175.23796385, 241.79874660, 202.00785114, 206.66833537, 192.13988078, 201.92243448, 194.67582003, 230.47331618, 147.34830581, 130.04827923, 181.74589484, 189.50293206, 161.54958340, 244.30491748, 253.25204353, 790.79173471, 161.15025212, 584.54821725, 11080.21700091, 548.44268174, 639.95448891, 127.56955288, 93.27503863, 70.27926955, 119.82795604, 107.47122046, 175.38266853, 196.49260610, 163.98565167, 142.88452083, 175.08541647, 239.38371904, 189.35011022, 211.81877304, 166.73893818, 158.67692494,
 182.04414325, 196.27206965, 202.19816203, 151.61680302, 211.78596990, 159.98087208, 207.10351670, 143.57444862, 136.90822316, 85.71399046, 97.26347936, 82.00231813, 75.72907947, 71.83459171, 127.20819578, 566.17564045, 143.50327201, 108.68482411, 743.15296359, 20133.68969406, 744.21773084, 145.77253376, 199.94159933, 202.72850273, 161.35118152, 214.73856330, 243.42642596, 186.06513252, 171.36429194, 217.92600472, 236.75527569, 222.19439921, 166.59883620, 211.46658547, 211.48420580, 233.57630742, 167.68981010, 203.54011127, 171.36837898, 240.64472823, 230.34068078, 199.06316899, 184.76401869, 164.53513494, 91.14512203, 129.36681794, 626.43522104, 682.34388819, 14770.75334892, 653.67667720, 685.80686421, 179.50963501, 660.33363454, 153.01773991, 169.84784439, 180.08209616, 153.72244792, 231.38758104, 148.09838148, 224.51369767, 200.21493275, 168.81894825, 183.91690786, 209.61270897,
 234.32937912, 220.00165376, 247.55056368, 199.66496782, 176.28022854, 164.33422032, 231.29548394, 141.85796320, 173.37392390, 95.60576584, 98.69532259, 77.36920912, 81.25864341, 105.03733881, 571.66942444, 11363.39622865, 580.69505322, 106.12804770, 166.11376178, 905.35761870, 247.62791111, 164.55606918, 239.84020495, 245.72716998, 165.31059159, 241.41262627, 221.30763511, 222.53877091, 175.43730096, 212.06321408, 241.05983105, 225.67115051, 225.58502821, 220.79938892, 195.84350199, 151.25261434, 184.59218303, 175.12832020, 235.60444703, 190.43091361, 201.42752938, 172.36468768, 161.00740491, 122.34214830, 109.78914483, 107.97420059, 143.16981065, 141.30378325, 704.50226938, 638.20954447, 15154.79234978, 960.97210933, 15652.86722810, 1064.11966796, 1496.12573056, 225.01672210, 188.90869029, 241.31125733, 202.66947708, 233.14619258, 172.51019882, 172.73419915, 197.52727051, 125.20447304,
 218.11884168, 179.85404069, 243.90226668, 169.01248315, 170.81314234, 208.70306895, 185.00684131, 147.62343355, 130.26934730, 81.47051326, 86.40352410, 81.72192926, 104.59027434, 100.54430960, 136.22269507, 610.56677751, 141.18700080, 110.78374673, 160.08259116, 214.52132603, 190.78062503, 237.70187198, 172.99237551, 240.82204236, 190.74410028, 202.88802881, 228.87867240, 241.01797039, 207.53845405, 205.36547708, 187.94972824, 204.91244184, 186.31790922, 189.88542516, 155.45248612, 233.79731095, 191.83733613, 185.47971495, 176.95417120, 135.07784292, 170.39479817, 208.99090561, 243.14493167, 188.99160658, 168.91270744, 120.34724189, 109.69134310, 107.70600196, 136.52010997, 161.56932979, 728.24719939, 194.11222556, 1016.60817928, 17508.87706897, 69151.97285590, 1559.08830676, 223.88865872, 231.71259113, 222.44994881, 204.66879758, 185.59266130, 168.05018968, 182.95136931, 197.99500918,
 143.06711138, 204.13576839, 244.58319033, 224.00267615, 149.42240225, 210.96384026, 192.71822960, 169.56916933, 212.03615297, 121.00860382, 128.91573036, 159.15223559, 225.51515896, 157.40598554, 157.98935047, 244.86477514, 191.63341728, 236.37560084, 226.05001726, 200.69933965, 204.75710809, 235.65753589, 241.37197403, 186.74256837, 178.34171318, 215.22539540, 221.15541244, 189.02201237, 218.65395403, 207.41191252, 222.94619928, 205.96109128, 144.12943921, 146.68268553, 170.38792591, 217.61766787, 234.84973329, 184.24742617, 234.93465584, 211.95853389, 221.33411836, 213.03211606, 248.82533442, 242.62200956, 193.63836191, 240.63210744, 242.08604959, 233.02175962, 245.64683490, 241.05785289, 200.09659127, 203.48699364, 224.81067494, 692.99227861, 1504.58922141, 266.09816249, 167.26534706, 207.97837773, 241.94251605, 145.92194127, 139.99647091, 154.25548186, 210.64697280, 165.86986015,
 163.56654660, 148.26098359, 143.76934557, 163.19593271, 228.12842626, 194.04256650, 235.83872770, 146.02804254, 178.61732499, 184.58302542, 144.75478281, 205.82833403, 173.49566782, 197.77956415, 135.38299184, 226.20498550, 193.92454724, 187.48570409, 171.91279857, 171.13515841, 195.84450946, 209.14408973, 213.50200775, 165.90961998, 173.17318574, 146.79525526, 168.59327259, 204.91391242, 156.83144059, 180.66067454, 201.36802036, 242.31492750, 235.96459672, 156.69047984, 188.11211334, 246.94339417, 221.78799590, 152.55039210, 161.99214603, 223.99666946, 249.01062525, 246.85649260, 203.94832842, 186.01177594, 242.08044482, 246.74173975, 231.34217824, 168.28434427, 244.96570496, 248.60172475, 218.59189346, 242.09963610, 218.13978678, 200.38287244, 225.13313618, 245.16997439, 247.48501925, 231.87810687, 235.83189116, 215.99209782, 237.15673738, 171.78940529, 170.92891551, 132.77697083,
 198.68392625, 238.30517498, 153.39600678, 173.04975649, 206.27719659, 160.43341465, 179.36277315, 160.60466411, 152.75865974, 150.67733880, 129.74238929, 190.06319147, 243.01117691, 228.01883556, 160.32112220, 237.89639780, 174.66688657, 189.30286244, 208.72847078, 241.57446728, 203.71993657, 220.21527001, 209.54983942, 148.64938130, 175.42578179, 168.14264688, 207.66369266, 157.47825546, 213.60564862, 157.77225089, 176.75446231, 158.09975024, 182.53931647, 212.94021511, 160.86579243, 237.72016587, 211.43097332, 210.62914100, 232.19075669, 212.51339692, 206.69113934, 213.66014603, 223.61949911, 187.25418878, 215.91029840, 169.52427761, 242.30426678, 230.31638862, 197.99944780, 196.41122892, 241.90337956, 171.83537958, 208.97908179, 247.61374867, 246.83402739, 190.72074515, 248.65712906, 227.90911236, 181.26373775, 213.49077779, 207.36044050, 241.64319836, 173.08446073, 149.52751970,
 149.81968624, 223.85472575, 162.32999627, 216.13068649, 180.65987243, 206.63268987, 239.33550251, 240.73953022, 174.72602418, 210.53717813, 182.04646061, 218.68251353, 227.11968397, 236.27877172, 188.54147347, 174.73995165, 157.22791169, 229.07421396, 247.63524163, 211.45958221, 214.47429137, 207.21453044, 159.16496014, 174.26695218, 171.16371263, 209.18385444, 194.58645528, 214.59374830, 190.15277416, 184.46530616, 205.25460174, 225.85934003, 218.04911183, 174.27803891, 166.68058008, 242.98213151, 242.44991911, 161.60910863, 176.73277536, 190.77275325, 157.44278522, 171.07512373, 196.25001646, 147.65620235, 213.37517178, 241.59311166, 193.94656800, 216.75365100, 169.12482521, 212.40819542, 235.75540948, 225.08722609, 149.37847504, 231.68735325, 253.14789291, 250.07212928, 247.15205419, 243.04881455, 141.67759639, 146.50782695, 213.78200568, 249.19603546, 209.52857075, 228.67668918,
 169.37123334, 168.43060805, 240.27644877, 216.01709804, 219.13569226, 191.06183437, 160.19516891, 203.27648461, 245.50132985, 234.39949965, 211.18363582, 234.58854361, 151.77306295, 185.54479687, 246.60868687, 241.15857791, 201.21987434, 176.73942403, 220.96002768, 151.43465815, 208.64072045, 173.12559935, 156.54651119, 145.71197953, 224.53343971, 231.53617109, 206.62244938, 236.81334711, 224.61591790, 211.68432714, 192.84283374, 174.61821132, 235.01443539, 235.78609965, 151.65380332, 157.37361932, 240.72801287, 159.27696950, 242.80940396, 225.86750681, 195.34811872, 218.76436577, 213.67184181, 242.22666558, 247.33811617, 241.25100421, 209.78483878, 175.71208922, 163.50287928, 192.77577927, 245.58495907, 248.89252372, 181.98183340, 221.08839821, 239.08959252, 243.89324978, 152.02714283, 191.78631692, 146.20593746, 199.74568373, 202.97051462, 244.75061075, 197.26088784, 180.49153109,
 231.56354888, 222.25703382, 247.65718800, 214.84653791, 220.31610900, 214.63285950, 239.93327930, 232.91644355, 249.17437956, 249.41872580, 237.99516879, 149.38390629, 182.67897267, 194.20158201, 243.67722700, 176.46864846, 237.82905977, 193.92260147, 175.15462673, 134.95032099, 169.38558270, 179.06476984, 159.99954803, 169.61232816, 194.58081493, 206.52297234, 140.06636771, 136.25178706, 139.11879206, 151.97267774, 184.14022666, 238.71959981, 192.46763747, 203.00840183, 204.01972353, 148.03798707, 215.03149134, 192.24806396, 240.57253598, 149.75277442, 165.47965392, 244.83896934, 204.45449633, 220.56012657, 188.09634526, 239.69309075, 242.68609742, 223.09088398, 134.00916525, 164.37018692, 181.05148926, 243.18502909, 242.69162306, 175.01457786, 145.74475087, 198.73241335, 157.87501737, 177.63139898, 144.74405470, 168.01184023, 133.29178373, 191.77596348, 238.85502811, 153.20031751,
 215.81390516, 213.82983859, 231.80059916, 235.30695927, 219.96629663, 172.36585351, 245.79660851, 238.33590068, 186.47627911, 185.44116472, 165.57604834, 175.10712958, 179.83970414, 244.42261982, 225.76033152, 201.92858452, 179.84107906, 222.23987269, 219.81309970, 200.54643999, 242.58804161, 195.65321512, 163.81859659, 214.30958832, 238.13166907, 209.72203424, 181.40246564, 222.39779155, 243.48078795, 238.29171986, 205.82298688, 209.87847734, 208.85637429, 217.63077216, 153.46712176, 229.12155506, 188.05997836, 236.87636605, 203.47771088, 166.19500037, 138.41680553, 240.44550363, 196.28717640, 184.46068231, 216.01537640, 242.91731785, 206.86026574, 200.19294257, 170.13135996, 195.98438500, 190.11661106, 154.17927567, 196.34764933, 160.71908323, 176.04755331, 217.62299499, 171.02398111, 164.38508637, 169.87200868, 165.02534996, 160.77550555, 213.58716019, 205.39876432, 182.73374269,
 165.87329594, 233.62753677, 235.34416754, 187.18268346, 214.08905191, 126.82123329, 186.72748268, 171.20130149, 186.72044208, 211.98597343, 232.64976135, 235.65836992, 235.31516956, 239.91143254, 232.20908918, 147.44385666, 183.82924810, 151.74427967, 215.42360792, 232.43509480, 220.11597027, 133.81410929, 225.53990322, 219.92839648, 136.07663230, 192.63755773, 181.81021540, 157.65738799, 227.57385748, 146.35991330, 227.52783790, 196.31614909, 231.43340778, 187.11007018, 196.16305870, 160.74075989, 178.98248929, 138.10877550, 157.87916526, 152.15794115, 167.69027803, 193.44741538, 147.30596569, 165.38132028, 196.92990111, 151.76967365, 224.21338994, 187.71406035, 209.96631709, 232.02151853, 182.02535484, 153.75365308, 134.39608021, 128.93534758, 226.63917230, 211.32074201, 233.13511019, 230.83889911, 176.62168615, 141.55724879, 151.30482808, 173.37036395, 206.18444349, 151.63455559,
